,A-MT633431,B-JX195088,B-EF990707,B-JF490651,B-KJ753438,B-KT988208,B-JF490916,B-LC228384,B-KF371984,B-OP850489,B-PP861406,B-OP850491,B-JN706531,B-JQ837878,B-MT732501,B-LC386068,B-MZ066016,B-KJ752983,B-JN258371,B-MT410498,B-JN706530,B-MT723920,B-LC066642,B-LC086761,B-KX362878,B-LC086750,B-LC169965,B-LC169954,B-LC169943,B-LC086739,B-LC066664,B-LC066653,B-PX211305,B-MH704725,B-LC325461,B-LC260222,B-KX880426,B-MG652356,B-MG652352,B-MG652355,B-LC541983,B-LC228329,B-LC228318,B-KU059791,B-KU059769,B-KU059780,B-MG652348,B-MG652339,B-LC086728,B-LC086717,B-PX211226,B-OP850488,B-OP850487,B-OP850486,B-OP850485,B-OP850483,B-LC514495,B-LC514473,B-PX211228,B-MH704724,B-LC228307,B-MF997038,B-MW715609,B-KU550282,B-KU550280,B-KU870388,B-KU870410,B-KX880415,B-MZ546113,B-LC514484,B-KU550284,B-KU550283,B-KU550281,B-MH569766,B-MH569765,B-LC260228,B-MG599530,B-MG599529,B-LC430887,B-AB975550,B-AB975549,B-AB975466,B-AB975472,B-KY616888,B-AB848005,B-LC751042,B-LC751012,B-MG181659,A-EF672598,B-MZ027446,B-MZ027424,A-MG652331,A-KJ919614,A-MG652329,A-JX185761,A-KJ919638,A-LC172601,A-LC172588,A-HM773681,A-HM773670,A-MT633446,A-MT633444,A-JX027953,A-JX027940,A-KP007147,A-KF371691,A-JQ069692,A-JQ069688,A-JX027865,A-PX211314,A-LC430884,A-LC430883,A-OR205278,A-OR205276,A-KJ919698,A-MH171357,A-PX211248,A-OP850492,A-ON791868,A-OR205289,A-MG652342,A-MN478658
A-MT633431,,98.18,98.61,98.57,98.22,98.31,98.44,98.05,98.22,97.39,97.39,97.48,98.18,98.18,97.74,97.61,97.79,98.00,98.35,97.79,98.09,97.83,97.96,98.05,98.05,98.13,98.09,98.05,98.05,98.05,98.13,98.09,96.97,97.66,97.74,97.83,97.83,97.83,97.92,97.87,97.79,97.79,97.74,97.96,97.96,97.92,97.92,97.96,97.96,97.96,97.20,97.22,97.26,97.31,97.31,97.31,97.44,97.44,97.10,97.70,97.70,97.61,97.52,97.66,97.70,97.61,97.61,97.59,97.65,97.61,97.66,97.66,97.66,97.79,97.70,97.57,97.98,97.96,97.83,97.87,97.96,97.96,97.92,97.96,97.96,97.92,97.87,95.09,95.74,97.61,97.57,97.31,97.48,97.18,97.52,97.39,98.18,98.18,98.74,98.74,98.26,98.39,98.52,98.57,98.52,98.70,98.39,98.48,98.20,96.87,97.66,97.57,97.87,97.92,98.22,97.92,97.22,97.57,97.83,98.18,97.74,98.00
B-JX195088,98.18,,98.78,98.65,98.13,98.31,98.52,98.18,98.35,97.52,97.52,97.70,98.13,98.31,97.79,97.74,97.92,98.13,98.48,97.83,98.05,97.87,98.00,98.09,98.09,98.18,98.05,98.00,98.00,98.09,98.18,98.13,96.97,97.57,97.70,97.79,97.79,97.79,97.87,97.83,97.74,97.74,97.70,97.92,97.92,97.87,97.87,97.92,97.92,97.92,97.09,97.18,97.22,97.26,97.26,97.26,97.39,97.39,97.20,97.74,97.74,97.66,97.57,97.70,97.74,97.66,97.66,97.72,97.65,97.66,97.70,97.70,97.70,97.74,97.66,97.70,97.85,97.92,97.96,97.92,97.92,98.00,97.96,98.00,98.00,97.96,98.00,95.79,94.92,98.22,98.18,96.27,96.44,96.14,96.40,96.27,96.92,96.92,97.48,97.48,96.83,97.05,97.35,97.39,97.18,97.44,97.13,97.22,96.98,95.45,96.61,96.53,96.74,96.70,97.22,96.61,95.75,96.44,96.61,96.96,96.61,96.87
B-EF990707,98.61,98.78,,98.91,98.57,98.74,98.87,98.35,98.61,97.79,97.79,97.87,98.39,98.57,98.05,97.92,98.09,98.48,98.74,98.09,98.31,98.22,98.26,98.35,98.35,98.44,98.31,98.26,98.26,98.35,98.44,98.39,97.18,97.79,98.05,98.05,98.05,98.05,98.13,98.09,98.00,98.00,97.96,98.18,98.18,98.13,98.13,98.18,98.18,98.18,97.35,97.44,97.48,97.52,97.52,97.52,97.66,97.66,97.41,98.00,98.00,97.92,97.83,97.96,98.00,97.92,97.92,97.89,97.91,97.92,97.96,97.96,97.96,98.00,98.00,97.87,98.11,98.18,98.13,98.26,98.18,98.26,98.22,98.26,98.26,98.22,98.26,95.66,95.18,98.05,98.00,96.61,96.79,96.48,96.74,96.61,97.35,97.35,97.92,97.92,97.18,97.39,97.70,97.74,97.52,97.79,97.48,97.57,97.42,95.87,96.87,96.79,97.09,97.05,97.44,97.05,96.17,96.70,96.96,97.31,96.87,97.22
B-JF490651,98.57,98.65,98.91,,98.61,98.78,98.91,98.31,98.48,97.74,97.66,97.74,98.35,98.44,98.00,97.87,98.05,98.26,98.61,98.05,98.18,98.09,98.22,98.31,98.31,98.39,98.26,98.22,98.22,98.31,98.39,98.35,97.13,97.66,97.83,97.92,97.92,97.92,98.00,97.96,97.87,97.87,97.83,98.05,98.05,98.00,98.00,98.05,98.05,98.05,97.30,97.31,97.35,97.39,97.39,97.39,97.52,97.52,97.36,97.87,97.87,97.79,97.70,97.83,97.87,97.79,97.79,97.76,97.82,97.79,97.83,97.83,97.83,97.87,97.79,97.74,97.98,98.05,98.00,98.05,98.13,98.13,98.09,98.13,98.13,98.09,98.05,95.44,95.05,97.83,97.79,96.57,96.74,96.44,96.70,96.57,97.39,97.39,98.00,98.00,97.31,97.52,97.92,97.87,97.66,97.92,97.61,97.70,97.37,96.08,97.00,96.92,97.22,97.18,97.48,97.09,96.43,96.83,97.09,97.44,97.00,97.35
B-KJ753438,98.22,98.13,98.57,98.61,,99.39,99.52,97.96,98.18,97.35,97.35,97.44,98.09,98.18,97.70,97.66,97.70,98.00,98.35,97.70,97.92,97.74,97.87,97.96,97.96,98.05,97.92,97.87,97.87,97.96,98.05,98.00,97.02,97.48,97.74,97.83,97.83,97.66,97.74,97.70,97.70,97.70,97.66,97.87,97.87,97.83,97.83,97.87,97.87,97.87,97.09,97.22,97.26,97.31,97.31,97.31,97.44,97.44,97.05,97.70,97.70,97.61,97.52,97.66,97.70,97.61,97.61,97.59,97.60,97.61,97.66,97.66,97.66,97.70,97.61,97.74,97.76,97.83,97.92,97.96,97.96,97.96,97.92,97.96,97.96,97.92,97.87,95.22,94.79,97.52,97.39,96.40,96.57,96.31,96.53,96.44,96.96,96.96,97.70,97.70,97.05,97.18,97.52,97.57,97.31,97.57,97.44,97.52,97.29,95.51,96.57,96.48,96.79,96.74,97.22,96.66,95.81,96.40,96.83,97.00,96.57,96.92
B-KT988208,98.31,98.31,98.74,98.78,99.39,,99.70,98.05,98.31,97.48,97.48,97.57,98.26,98.35,97.83,97.79,97.87,98.18,98.52,97.87,98.09,97.92,98.05,98.13,98.13,98.22,98.09,98.05,98.05,98.13,98.22,98.18,97.02,97.66,97.83,97.92,97.92,97.83,97.92,97.87,97.87,97.87,97.83,98.05,98.05,98.00,98.00,98.05,98.05,98.05,97.20,97.31,97.35,97.39,97.39,97.39,97.52,97.52,97.26,97.87,97.87,97.79,97.70,97.83,97.87,97.79,97.79,97.76,97.78,97.79,97.83,97.83,97.83,97.87,97.79,97.83,97.94,98.00,98.09,98.13,98.13,98.13,98.09,98.13,98.13,98.09,98.05,95.18,94.79,97.57,97.52,96.40,96.57,96.31,96.53,96.44,97.05,97.05,97.70,97.70,97.05,97.26,97.57,97.61,97.39,97.66,97.44,97.52,97.29,95.51,96.57,96.48,96.79,96.74,97.13,96.66,95.81,96.40,96.74,97.00,96.57,96.92
B-JF490916,98.44,98.52,98.87,98.91,99.52,99.70,,98.18,98.44,97.61,97.61,97.70,98.39,98.48,97.96,97.92,98.00,98.31,98.65,98.00,98.22,98.05,98.18,98.26,98.26,98.35,98.22,98.18,98.18,98.26,98.35,98.31,97.18,97.79,97.96,98.05,98.05,97.96,98.05,98.00,98.00,98.00,97.96,98.18,98.18,98.13,98.13,98.18,98.18,98.18,97.35,97.44,97.48,97.52,97.52,97.52,97.66,97.66,97.41,98.00,98.00,97.92,97.83,97.96,98.00,97.92,97.92,97.89,97.91,97.92,97.96,97.96,97.96,98.00,97.92,97.96,98.07,98.13,98.22,98.26,98.26,98.26,98.22,98.26,98.26,98.22,98.18,95.35,94.92,97.79,97.74,96.53,96.70,96.44,96.66,96.57,97.18,97.18,97.83,97.83,97.26,97.48,97.79,97.83,97.61,97.87,97.66,97.74,97.42,95.66,96.79,96.70,96.92,96.87,97.35,96.79,95.96,96.53,96.87,97.13,96.70,97.05
B-LC228384,98.05,98.18,98.35,98.31,97.96,98.05,98.18,,98.96,98.13,98.22,98.22,98.39,98.65,98.22,98.09,98.35,98.48,98.83,98.26,98.39,98.31,98.44,98.52,98.52,98.61,98.48,98.44,98.44,98.52,98.61,98.57,97.60,97.87,98.05,98.13,98.13,98.13,98.13,98.18,98.09,98.09,98.05,98.26,98.26,98.22,98.22,98.26,98.26,98.26,97.83,97.61,97.66,97.70,97.70,97.70,97.83,97.83,97.73,98.09,98.09,98.00,97.92,98.05,98.09,98.00,98.00,98.07,98.04,98.00,98.05,98.05,98.05,98.09,98.00,97.96,98.20,98.26,98.22,98.26,98.26,98.35,98.31,98.35,98.35,98.31,98.26,95.27,94.49,97.48,97.44,95.87,96.05,95.74,96.01,95.87,96.66,96.66,97.22,97.22,96.61,96.83,97.18,97.13,96.96,97.18,96.96,97.05,96.77,95.30,96.27,96.18,96.48,96.44,96.83,96.48,95.65,96.09,96.35,96.70,96.27,96.61
B-KF371984,98.22,98.35,98.61,98.48,98.18,98.31,98.44,98.96,,99.09,99.09,99.17,98.74,98.91,98.48,98.35,98.52,98.74,99.09,98.44,98.74,98.48,98.61,98.78,98.70,98.78,98.65,98.61,98.61,98.70,98.78,98.74,97.60,98.13,98.31,98.39,98.39,98.39,98.39,98.44,98.35,98.35,98.31,98.52,98.52,98.48,98.48,98.52,98.52,98.52,97.78,97.79,97.83,97.87,97.87,97.87,98.00,98.00,97.83,98.35,98.35,98.26,98.18,98.31,98.35,98.26,98.26,98.24,98.26,98.26,98.31,98.31,98.31,98.35,98.26,98.22,98.46,98.52,98.48,98.52,98.52,98.61,98.57,98.61,98.61,98.57,98.52,95.57,94.75,97.70,97.66,96.05,96.22,95.92,96.18,96.05,97.09,97.09,97.57,97.57,96.79,97.05,97.35,97.39,97.22,97.44,97.22,97.31,96.94,95.30,96.53,96.44,96.66,96.61,97.09,96.61,95.65,96.27,96.53,96.87,96.44,96.79
B-OP850489,97.39,97.52,97.79,97.74,97.35,97.48,97.61,98.13,99.09,,99.57,99.65,97.92,98.09,97.74,97.61,97.70,97.92,98.26,97.70,97.92,97.74,97.79,97.96,97.87,97.96,97.83,97.79,97.79,97.87,97.96,97.92,96.87,97.39,97.48,97.57,97.57,97.57,97.57,97.61,97.61,97.61,97.57,97.70,97.70,97.66,97.66,97.70,97.70,97.70,97.14,97.05,97.09,97.13,97.13,97.13,97.26,97.26,97.20,97.52,97.52,97.44,97.35,97.48,97.52,97.44,97.44,97.50,97.52,97.52,97.57,97.57,97.57,97.61,97.52,97.39,97.63,97.70,97.66,97.79,97.79,97.87,97.83,97.87,97.87,97.83,97.79,94.79,94.27,96.87,96.83,95.57,95.74,95.44,95.70,95.57,96.27,96.27,96.74,96.74,95.96,96.35,96.61,96.66,96.40,96.61,96.40,96.48,96.24,94.72,95.79,95.70,95.92,95.87,96.27,95.83,95.02,95.61,95.79,96.14,95.70,96.05
B-PP861406,97.39,97.52,97.79,97.66,97.35,97.48,97.61,98.22,99.09,99.57,,99.83,97.92,98.09,97.74,97.61,97.70,97.92,98.26,97.70,97.92,97.74,97.79,97.96,97.87,97.96,97.83,97.79,97.79,97.87,97.96,97.92,96.87,97.39,97.48,97.57,97.57,97.57,97.57,97.61,97.61,97.61,97.57,97.70,97.70,97.66,97.66,97.70,97.70,97.70,97.04,96.96,97.00,97.05,97.05,97.05,97.18,97.26,97.10,97.52,97.52,97.44,97.35,97.48,97.52,97.44,97.44,97.42,97.43,97.44,97.48,97.48,97.48,97.52,97.44,97.39,97.63,97.70,97.66,97.79,97.79,97.87,97.83,97.87,97.87,97.83,97.79,94.79,94.31,96.87,96.83,95.57,95.74,95.44,95.70,95.57,96.27,96.27,96.74,96.74,96.05,96.44,96.53,96.57,96.40,96.61,96.40,96.48,96.33,94.83,95.87,95.79,96.01,95.96,96.35,95.92,95.13,95.70,95.87,96.22,95.79,96.14
B-OP850491,97.48,97.70,97.87,97.74,97.44,97.57,97.70,98.22,99.17,99.65,99.83,,98.00,98.18,97.83,97.70,97.79,98.00,98.35,97.79,98.00,97.83,97.87,98.05,97.96,98.05,97.92,97.87,97.87,97.96,98.05,98.00,97.02,97.48,97.57,97.66,97.66,97.66,97.66,97.70,97.70,97.70,97.66,97.79,97.79,97.74,97.74,97.79,97.79,97.79,97.20,97.05,97.09,97.13,97.13,97.13,97.26,97.35,97.26,97.61,97.61,97.52,97.44,97.57,97.61,97.52,97.52,97.50,97.52,97.52,97.57,97.57,97.57,97.61,97.52,97.48,97.72,97.79,97.74,97.87,97.87,97.96,97.92,97.96,97.96,97.92,97.87,94.88,94.49,96.96,96.92,95.74,95.92,95.61,95.87,95.74,96.35,96.35,96.83,96.83,96.05,96.44,96.61,96.66,96.48,96.70,96.48,96.57,96.33,94.88,95.96,95.87,96.09,96.05,96.44,96.01,95.18,95.79,95.96,96.31,95.87,96.22
B-JN706531,98.18,98.13,98.39,98.35,98.09,98.26,98.39,98.39,98.74,97.92,97.92,98.00,,99.22,99.04,98.91,99.17,99.22,99.31,99.09,99.48,99.13,99.26,99.44,99.35,99.35,99.22,99.17,99.17,99.35,99.44,99.39,97.75,98.52,98.61,98.70,98.70,98.70,98.70,98.74,98.74,98.74,98.70,98.83,98.83,98.78,98.78,98.83,98.83,98.83,97.93,98.09,98.13,98.18,98.18,98.18,98.31,98.31,97.94,98.65,98.65,98.57,98.48,98.61,98.65,98.57,98.57,98.55,98.56,98.57,98.61,98.61,98.61,98.65,98.57,98.52,98.76,98.83,98.78,98.83,98.83,98.83,98.87,98.91,98.91,98.87,98.83,95.09,94.79,97.48,97.44,96.14,96.31,96.01,96.27,96.14,96.87,96.87,97.35,97.35,96.74,96.96,97.05,97.09,97.00,97.22,97.00,97.09,96.90,95.45,96.66,96.57,96.61,96.57,96.96,96.61,95.81,96.40,96.57,96.92,96.48,96.83
B-JQ837878,98.18,98.31,98.57,98.44,98.18,98.35,98.48,98.65,98.91,98.09,98.09,98.18,99.22,,99.13,99.00,99.17,99.52,99.74,99.17,99.39,99.22,99.35,99.44,99.44,99.52,99.39,99.35,99.35,99.44,99.52,99.48,98.22,98.87,99.04,99.13,99.13,99.13,99.13,99.17,99.09,99.09,99.04,99.26,99.26,99.22,99.22,99.26,99.26,99.26,98.41,98.52,98.57,98.61,98.61,98.61,98.74,98.74,98.41,99.09,99.09,99.00,98.91,99.04,99.09,99.00,99.00,98.98,99.00,99.00,99.04,99.04,99.04,99.09,99.00,98.87,99.20,99.26,99.22,99.26,99.26,99.26,99.31,99.35,99.35,99.31,99.26,95.44,94.79,97.57,97.52,96.22,96.40,96.09,96.35,96.22,96.87,96.87,97.35,97.35,96.74,96.96,97.13,97.18,97.00,97.22,97.00,97.09,96.90,95.40,96.57,96.48,96.61,96.57,96.96,96.61,95.75,96.31,96.57,96.92,96.48,96.83
B-MT732501,97.74,97.79,98.05,98.00,97.70,97.83,97.96,98.22,98.48,97.74,97.74,97.83,99.04,99.13,,99.87,99.17,99.13,99.22,99.61,99.31,99.39,99.44,99.44,99.44,99.44,99.39,99.35,99.35,99.52,99.61,99.57,97.86,98.44,98.61,98.70,98.70,98.70,98.70,98.74,98.65,98.65,98.61,98.83,98.83,98.78,98.78,98.83,98.83,98.83,97.99,98.18,98.22,98.26,98.26,98.26,98.31,98.31,97.99,98.65,98.65,98.57,98.57,98.61,98.65,98.48,98.57,98.55,98.61,98.57,98.61,98.61,98.61,98.65,98.57,98.44,98.76,98.78,98.78,98.83,98.83,98.83,98.87,98.91,98.91,98.87,98.83,95.09,94.62,97.31,97.26,95.79,95.96,95.66,95.92,95.79,96.53,96.53,96.92,96.92,96.31,96.61,96.79,96.74,96.57,96.79,96.57,96.66,96.59,95.04,96.22,96.14,96.18,96.14,96.53,96.18,95.39,95.96,96.14,96.48,96.05,96.40
B-LC386068,97.61,97.74,97.92,97.87,97.66,97.79,97.92,98.09,98.35,97.61,97.61,97.70,98.91,99.00,99.87,,99.04,99.00,99.09,99.48,99.17,99.26,99.31,99.31,99.31,99.31,99.26,99.22,99.22,99.39,99.48,99.44,97.81,98.39,98.57,98.65,98.65,98.57,98.57,98.61,98.61,98.61,98.57,98.78,98.78,98.74,98.74,98.78,98.78,98.78,97.93,98.13,98.18,98.22,98.22,98.22,98.26,98.26,97.94,98.61,98.61,98.52,98.52,98.57,98.61,98.44,98.52,98.50,98.56,98.52,98.57,98.57,98.57,98.61,98.52,98.39,98.68,98.70,98.83,98.78,98.78,98.78,98.83,98.87,98.87,98.83,98.78,94.96,94.49,97.18,97.13,95.74,95.92,95.61,95.87,95.74,96.40,96.40,96.79,96.79,96.18,96.48,96.66,96.61,96.44,96.66,96.44,96.53,96.55,94.88,96.09,96.01,96.05,96.01,96.40,96.05,95.23,95.83,96.01,96.35,95.92,96.27
B-MZ066016,97.79,97.92,98.09,98.05,97.70,97.87,98.00,98.35,98.52,97.70,97.70,97.79,99.17,99.17,99.17,99.04,,99.17,99.26,99.22,99.44,99.26,99.39,99.57,99.57,99.48,99.35,99.31,99.31,99.48,99.57,99.52,97.81,98.48,98.57,98.65,98.65,98.65,98.65,98.70,98.70,98.70,98.65,98.78,98.78,98.74,98.74,98.78,98.78,98.78,98.09,98.13,98.18,98.22,98.22,98.22,98.35,98.35,97.99,98.61,98.61,98.52,98.44,98.57,98.61,98.52,98.52,98.59,98.56,98.52,98.57,98.57,98.57,98.61,98.52,98.48,98.72,98.78,98.74,98.78,98.78,98.78,98.83,98.87,98.87,98.83,98.78,95.22,94.49,97.44,97.39,95.74,95.92,95.61,95.87,95.74,96.57,96.57,96.96,96.96,96.44,96.66,96.83,96.79,96.70,96.92,96.70,96.79,96.50,95.09,96.27,96.18,96.22,96.18,96.57,96.22,95.44,96.01,96.18,96.53,96.09,96.44
B-KJ752983,98.00,98.13,98.48,98.26,98.00,98.18,98.31,98.48,98.74,97.92,97.92,98.00,99.22,99.52,99.13,99.00,99.17,,99.57,99.17,99.39,99.31,99.35,99.44,99.44,99.52,99.39,99.35,99.35,99.44,99.52,99.48,98.07,98.70,98.87,98.96,98.96,98.96,98.96,99.00,98.91,98.91,98.87,99.09,99.09,99.04,99.04,99.09,99.09,99.09,98.25,98.35,98.39,98.44,98.44,98.44,98.65,98.57,98.25,98.91,98.91,98.83,98.74,98.87,98.91,98.83,98.83,98.81,98.82,98.83,98.87,98.87,98.87,98.91,98.91,98.70,99.02,99.09,99.04,99.09,99.09,99.09,99.13,99.17,99.17,99.13,99.09,95.27,94.70,97.39,97.35,96.05,96.22,95.92,96.18,96.05,96.70,96.70,97.18,97.18,96.57,96.79,96.96,97.00,96.83,97.05,96.83,96.92,96.72,95.25,96.40,96.31,96.44,96.40,96.79,96.44,95.60,96.22,96.40,96.74,96.31,96.66
B-JN258371,98.35,98.48,98.74,98.61,98.35,98.52,98.65,98.83,99.09,98.26,98.26,98.35,99.31,99.74,99.22,99.09,99.26,99.57,,99.26,99.48,99.31,99.44,99.52,99.52,99.61,99.48,99.44,99.44,99.52,99.61,99.57,98.28,99.04,99.13,99.22,99.22,99.22,99.22,99.26,99.17,99.17,99.13,99.35,99.35,99.31,99.31,99.35,99.35,99.35,98.51,98.61,98.65,98.70,98.70,98.70,98.83,98.83,98.51,99.17,99.17,99.09,99.00,99.13,99.17,99.09,99.09,99.07,99.09,99.09,99.13,99.13,99.13,99.17,99.09,98.96,99.28,99.35,99.31,99.35,99.35,99.44,99.39,99.44,99.44,99.39,99.35,95.61,94.88,97.74,97.70,96.31,96.48,96.18,96.44,96.31,97.05,97.05,97.52,97.52,96.92,97.13,97.31,97.35,97.18,97.39,97.18,97.26,97.16,95.56,96.74,96.66,96.79,96.74,97.13,96.79,95.91,96.48,96.74,97.09,96.66,97.00
B-MT410498,97.79,97.83,98.09,98.05,97.70,97.87,98.00,98.26,98.44,97.70,97.70,97.79,99.09,99.17,99.61,99.48,99.22,99.17,99.26,,99.35,99.44,99.48,99.48,99.48,99.48,99.44,99.39,99.39,99.57,99.65,99.61,97.75,98.39,98.57,98.65,98.65,98.65,98.65,98.70,98.61,98.61,98.57,98.78,98.78,98.83,98.74,98.78,98.78,98.78,97.93,98.13,98.18,98.22,98.22,98.22,98.26,98.26,97.94,98.61,98.61,98.52,98.52,98.57,98.61,98.52,98.52,98.50,98.56,98.52,98.57,98.57,98.57,98.61,98.52,98.39,98.72,98.78,98.74,98.78,98.78,98.78,98.83,98.87,98.87,98.83,98.78,95.05,94.66,97.18,97.13,95.92,96.09,95.79,96.05,95.92,96.66,96.66,97.05,97.05,96.35,96.66,96.83,96.79,96.61,96.83,96.61,96.70,96.59,95.04,96.27,96.18,96.22,96.18,96.57,96.22,95.39,96.01,96.18,96.53,96.18,96.44
B-JN706530,98.09,98.05,98.31,98.18,97.92,98.09,98.22,98.39,98.74,97.92,97.92,98.00,99.48,99.39,99.31,99.17,99.44,99.39,99.48,99.35,,99.39,99.52,99.70,99.61,99.61,99.48,99.44,99.44,99.61,99.70,99.65,97.96,98.61,98.78,98.87,98.87,98.87,98.87,98.91,98.83,98.83,98.78,99.00,99.00,98.96,98.96,99.00,99.00,99.00,98.14,98.26,98.31,98.35,98.35,98.35,98.48,98.48,98.15,98.83,98.83,98.74,98.65,98.78,98.83,98.74,98.74,98.72,98.74,98.74,98.78,98.78,98.78,98.83,98.74,98.61,98.94,99.00,98.96,99.00,99.00,99.00,99.04,99.09,99.09,99.04,99.00,95.27,94.62,97.39,97.35,96.05,96.22,95.92,96.18,96.05,96.79,96.79,97.26,97.26,96.66,96.87,96.96,97.00,96.92,97.13,96.92,97.00,96.81,95.35,96.57,96.48,96.53,96.48,96.87,96.53,95.70,96.31,96.48,96.83,96.40,96.74
B-MT723920,97.83,97.87,98.22,98.09,97.74,97.92,98.05,98.31,98.48,97.74,97.74,97.83,99.13,99.22,99.39,99.26,99.26,99.31,99.31,99.44,99.39,,99.52,99.52,99.52,99.52,99.48,99.44,99.44,99.61,99.70,99.65,97.86,98.44,98.61,98.70,98.70,98.70,98.70,98.74,98.65,98.65,98.61,98.83,98.83,98.78,98.78,98.83,98.83,98.83,98.04,98.09,98.13,98.18,98.18,98.18,98.31,98.31,98.04,98.65,98.65,98.57,98.48,98.61,98.65,98.57,98.57,98.55,98.61,98.57,98.61,98.61,98.61,98.65,98.65,98.44,98.76,98.83,98.78,98.83,98.83,98.83,98.87,98.91,98.91,98.87,98.83,95.01,94.53,97.22,97.18,95.79,95.96,95.66,95.92,95.79,96.61,96.61,97.00,97.00,96.40,96.70,96.79,96.74,96.66,96.87,96.66,96.74,96.55,95.14,96.31,96.22,96.27,96.22,96.61,96.27,95.49,96.05,96.22,96.57,96.14,96.48
B-LC066642,97.96,98.00,98.26,98.22,97.87,98.05,98.18,98.44,98.61,97.79,97.79,97.87,99.26,99.35,99.44,99.31,99.39,99.35,99.44,99.48,99.52,99.52,,99.65,99.65,99.65,99.61,99.57,99.57,99.74,99.83,99.78,97.96,98.57,98.74,98.83,98.83,98.83,98.83,98.87,98.78,98.78,98.74,98.96,98.96,98.91,98.91,98.96,98.96,98.96,98.14,98.31,98.35,98.39,98.39,98.39,98.52,98.52,98.15,98.78,98.78,98.70,98.61,98.74,98.78,98.70,98.70,98.76,98.82,98.78,98.83,98.83,98.83,98.78,98.70,98.57,98.89,98.96,98.91,98.96,98.96,98.96,99.00,99.04,99.04,99.00,98.96,95.14,94.57,97.35,97.31,95.92,96.09,95.79,96.05,95.92,96.74,96.74,97.13,97.13,96.53,96.74,96.92,96.87,96.79,97.00,96.79,96.87,96.68,95.25,96.44,96.35,96.40,96.35,96.74,96.40,95.60,96.18,96.35,96.70,96.27,96.61
B-LC086761,98.05,98.09,98.35,98.31,97.96,98.13,98.26,98.52,98.78,97.96,97.96,98.05,99.44,99.44,99.44,99.31,99.57,99.44,99.52,99.48,99.70,99.52,99.65,,99.74,99.74,99.70,99.65,99.65,99.83,99.83,99.78,98.07,98.65,98.83,98.91,98.91,98.91,98.91,98.96,98.87,98.87,98.83,99.04,99.04,99.00,99.00,99.04,99.04,99.04,98.25,98.31,98.35,98.39,98.39,98.39,98.52,98.52,98.25,98.87,98.87,98.78,98.70,98.83,98.87,98.78,98.78,98.76,98.82,98.78,98.83,98.83,98.83,98.87,98.78,98.65,98.98,99.04,99.00,99.04,99.04,99.04,99.09,99.13,99.13,99.09,99.04,95.22,94.66,97.52,97.48,96.01,96.18,95.87,96.14,96.01,96.74,96.74,97.22,97.22,96.61,96.83,97.00,96.96,96.87,97.09,96.87,96.96,96.77,95.35,96.53,96.44,96.48,96.44,96.83,96.48,95.70,96.27,96.44,96.79,96.35,96.70
B-KX362878,98.05,98.09,98.35,98.31,97.96,98.13,98.26,98.52,98.70,97.87,97.87,97.96,99.35,99.44,99.44,99.31,99.57,99.44,99.52,99.48,99.61,99.52,99.65,99.74,,99.74,99.61,99.57,99.57,99.74,99.83,99.78,98.07,98.65,98.83,98.91,98.91,98.91,98.91,98.96,98.87,98.87,98.83,99.04,99.04,99.00,99.00,99.04,99.04,99.04,98.25,98.31,98.35,98.39,98.39,98.39,98.52,98.52,98.25,98.87,98.87,98.78,98.70,98.83,98.87,98.78,98.78,98.76,98.82,98.78,98.83,98.83,98.83,98.87,98.78,98.74,98.98,99.04,99.00,99.04,99.04,99.04,99.09,99.13,99.13,99.09,99.04,95.22,94.92,97.52,97.48,96.01,96.18,95.87,96.14,96.01,96.92,96.92,97.31,97.31,96.70,96.92,97.09,97.05,96.96,97.18,96.96,97.05,96.77,95.35,96.53,96.44,96.48,96.44,96.83,96.48,95.70,96.27,96.44,96.79,96.35,96.70
B-LC086750,98.13,98.18,98.44,98.39,98.05,98.22,98.35,98.61,98.78,97.96,97.96,98.05,99.35,99.52,99.44,99.31,99.48,99.52,99.61,99.48,99.61,99.52,99.65,99.74,99.74,,99.70,99.65,99.65,99.74,99.83,99.78,98.12,98.74,98.91,99.00,99.00,99.00,99.00,99.04,98.96,98.96,98.91,99.13,99.13,99.09,99.09,99.13,99.13,99.13,98.30,98.39,98.44,98.48,98.48,98.48,98.61,98.61,98.30,98.96,98.96,98.87,98.78,98.91,98.96,98.87,98.87,98.85,98.91,98.87,98.91,98.91,98.91,98.96,98.87,98.74,99.07,99.13,99.09,99.13,99.13,99.13,99.17,99.22,99.22,99.17,99.13,95.31,94.83,97.52,97.48,96.09,96.27,95.96,96.22,96.09,96.83,96.83,97.31,97.31,96.70,96.92,97.09,97.05,96.96,97.18,96.96,97.05,96.85,95.40,96.53,96.44,96.57,96.61,96.92,96.57,95.75,96.35,96.53,96.87,96.44,96.79
B-LC169965,98.09,98.05,98.31,98.26,97.92,98.09,98.22,98.48,98.65,97.83,97.83,97.92,99.22,99.39,99.39,99.26,99.35,99.39,99.48,99.44,99.48,99.48,99.61,99.70,99.61,99.70,,99.96,99.96,99.87,99.78,99.74,97.91,98.70,98.78,98.87,98.87,98.87,98.87,98.91,98.83,98.83,98.78,99.00,99.00,98.96,98.96,99.00,99.00,99.00,98.09,98.26,98.31,98.35,98.35,98.35,98.48,98.48,98.09,98.83,98.83,98.74,98.65,98.78,98.83,98.74,98.74,98.72,98.78,98.74,98.78,98.78,98.78,98.83,98.74,98.61,98.94,99.00,98.96,99.00,99.00,99.00,99.04,99.09,99.09,99.04,99.00,95.18,94.62,97.48,97.44,95.96,96.14,95.83,96.09,95.96,96.79,96.79,97.18,97.18,96.57,96.79,96.96,96.92,96.83,97.05,96.83,96.92,96.72,95.19,96.40,96.31,96.44,96.48,96.79,96.44,95.55,96.22,96.40,96.74,96.31,96.66
B-LC169954,98.05,98.00,98.26,98.22,97.87,98.05,98.18,98.44,98.61,97.79,97.79,97.87,99.17,99.35,99.35,99.22,99.31,99.35,99.44,99.39,99.44,99.44,99.57,99.65,99.57,99.65,99.96,,100.00,99.83,99.74,99.70,97.86,98.65,98.74,98.83,98.83,98.83,98.83,98.87,98.78,98.78,98.74,98.96,98.96,98.91,98.91,98.96,98.96,98.96,98.04,98.22,98.26,98.31,98.31,98.31,98.44,98.44,98.04,98.78,98.78,98.70,98.61,98.74,98.78,98.70,98.70,98.68,98.74,98.70,98.74,98.74,98.74,98.78,98.70,98.57,98.89,98.96,98.91,98.96,98.96,98.96,99.00,99.04,99.04,99.00,98.96,95.14,94.57,97.44,97.39,95.92,96.09,95.79,96.05,95.92,96.74,96.74,97.13,97.13,96.57,96.74,96.92,96.87,96.79,97.00,96.79,96.87,96.77,95.25,96.44,96.35,96.48,96.53,96.83,96.48,95.60,96.27,96.44,96.79,96.35,96.70
B-LC169943,98.05,98.00,98.26,98.22,97.87,98.05,98.18,98.44,98.61,97.79,97.79,97.87,99.17,99.35,99.35,99.22,99.31,99.35,99.44,99.39,99.44,99.44,99.57,99.65,99.57,99.65,99.96,100.00,,99.83,99.74,99.70,97.86,98.65,98.74,98.83,98.83,98.83,98.83,98.87,98.78,98.78,98.74,98.96,98.96,98.91,98.91,98.96,98.96,98.96,98.04,98.22,98.26,98.31,98.31,98.31,98.44,98.44,98.04,98.78,98.78,98.70,98.61,98.74,98.78,98.70,98.70,98.68,98.74,98.70,98.74,98.74,98.74,98.78,98.70,98.57,98.89,98.96,98.91,98.96,98.96,98.96,99.00,99.04,99.04,99.00,98.96,95.14,94.57,97.44,97.39,95.92,96.09,95.79,96.05,95.92,96.74,96.74,97.13,97.13,96.57,96.74,96.92,96.87,96.79,97.00,96.79,96.87,96.77,95.25,96.44,96.35,96.48,96.53,96.83,96.48,95.60,96.27,96.44,96.79,96.35,96.70
B-LC086739,98.05,98.09,98.35,98.31,97.96,98.13,98.26,98.52,98.70,97.87,97.87,97.96,99.35,99.44,99.52,99.39,99.48,99.44,99.52,99.57,99.61,99.61,99.74,99.83,99.74,99.74,99.87,99.83,99.83,,99.91,99.87,98.01,98.65,98.83,98.91,98.91,98.91,98.91,98.96,98.87,98.87,98.83,99.04,99.04,99.00,99.00,99.04,99.04,99.04,98.20,98.31,98.35,98.39,98.39,98.39,98.52,98.52,98.20,98.87,98.87,98.78,98.70,98.83,98.87,98.78,98.78,98.76,98.82,98.78,98.83,98.83,98.83,98.87,98.78,98.65,98.98,99.04,99.00,99.04,99.04,99.04,99.09,99.13,99.13,99.09,99.04,95.22,94.66,97.52,97.48,96.01,96.18,95.87,96.14,96.01,96.83,96.83,97.22,97.22,96.61,96.83,97.00,96.96,96.87,97.09,96.87,96.96,96.77,95.30,96.53,96.44,96.48,96.44,96.83,96.48,95.65,96.27,96.44,96.79,96.35,96.70
B-LC066664,98.13,98.18,98.44,98.39,98.05,98.22,98.35,98.61,98.78,97.96,97.96,98.05,99.44,99.52,99.61,99.48,99.57,99.52,99.61,99.65,99.70,99.70,99.83,99.83,99.83,99.83,99.78,99.74,99.74,99.91,,99.96,98.12,98.74,98.91,99.00,99.00,99.00,99.00,99.04,98.96,98.96,98.91,99.13,99.13,99.09,99.09,99.13,99.13,99.13,98.30,98.39,98.44,98.48,98.48,98.48,98.61,98.61,98.30,98.96,98.96,98.87,98.78,98.91,98.96,98.87,98.87,98.85,98.91,98.87,98.91,98.91,98.91,98.96,98.87,98.74,99.07,99.13,99.09,99.13,99.13,99.13,99.17,99.22,99.22,99.17,99.13,95.31,94.75,97.52,97.48,96.09,96.27,95.96,96.22,96.09,96.92,96.92,97.31,97.31,96.70,96.92,97.09,97.05,96.96,97.18,96.96,97.05,96.85,95.40,96.61,96.53,96.57,96.53,96.92,96.57,95.75,96.35,96.53,96.87,96.44,96.79
B-LC066653,98.09,98.13,98.39,98.35,98.00,98.18,98.31,98.57,98.74,97.92,97.92,98.00,99.39,99.48,99.57,99.44,99.52,99.48,99.57,99.61,99.65,99.65,99.78,99.78,99.78,99.78,99.74,99.70,99.70,99.87,99.96,,98.07,98.70,98.87,98.96,98.96,98.96,98.96,99.00,98.91,98.91,98.87,99.09,99.09,99.04,99.04,99.09,99.09,99.09,98.25,98.35,98.39,98.44,98.44,98.44,98.57,98.57,98.25,98.91,98.91,98.83,98.74,98.87,98.91,98.83,98.83,98.81,98.87,98.83,98.87,98.87,98.87,98.91,98.83,98.70,99.02,99.09,99.04,99.09,99.09,99.09,99.13,99.17,99.17,99.13,99.09,95.27,94.70,97.48,97.44,96.05,96.22,95.92,96.18,96.05,96.87,96.87,97.26,97.26,96.66,96.87,97.05,97.00,96.92,97.13,96.92,97.00,96.81,95.35,96.57,96.48,96.53,96.48,96.87,96.53,95.70,96.31,96.48,96.83,96.40,96.74
B-PX211305,96.97,96.97,97.18,97.13,97.02,97.02,97.18,97.60,97.60,96.87,96.87,97.02,97.75,98.22,97.86,97.81,97.81,98.07,98.28,97.75,97.96,97.86,97.96,98.07,98.07,98.12,97.91,97.86,97.86,98.01,98.12,98.07,,98.17,98.28,98.33,98.33,98.33,98.33,98.38,98.38,98.38,98.33,98.59,98.59,98.54,98.54,98.59,98.59,98.59,98.67,98.17,98.17,98.17,98.17,98.17,98.28,98.33,98.98,98.38,98.43,98.38,98.17,98.38,98.43,98.22,98.33,98.35,98.38,98.43,98.43,98.43,98.43,98.48,98.38,98.28,98.62,98.59,98.69,98.64,98.59,98.64,98.64,98.69,98.69,98.64,98.59,94.04,93.63,96.29,96.24,95.04,95.19,94.83,95.09,94.93,95.56,95.56,96.13,96.13,95.35,95.66,95.87,95.87,95.61,95.87,95.72,95.77,95.69,95.72,95.40,95.30,95.45,95.45,96.03,95.56,96.04,95.19,95.56,95.87,95.40,95.77
B-MH704725,97.66,97.57,97.79,97.66,97.48,97.66,97.79,97.87,98.13,97.39,97.39,97.48,98.52,98.87,98.44,98.39,98.48,98.70,99.04,98.39,98.61,98.44,98.57,98.65,98.65,98.74,98.70,98.65,98.65,98.65,98.74,98.70,98.17,,99.31,99.39,99.39,99.39,99.39,99.44,99.78,99.78,99.74,99.61,99.61,99.57,99.57,99.61,99.61,99.61,98.41,98.61,98.65,98.70,98.70,98.70,98.83,98.83,98.41,99.17,99.09,99.09,98.96,99.13,99.17,99.00,99.09,99.07,99.09,99.09,99.13,99.13,99.13,99.17,99.09,99.04,99.24,99.26,99.31,99.35,99.35,99.35,99.39,99.44,99.44,99.39,99.35,95.18,94.40,97.00,96.96,95.70,95.87,95.57,95.83,95.70,96.22,96.22,96.70,96.70,96.09,96.31,96.48,96.53,96.44,96.57,96.35,96.44,96.50,94.83,96.05,95.96,96.27,96.31,96.44,96.09,95.18,95.79,96.14,96.40,95.96,96.31
B-LC325461,97.74,97.70,98.05,97.83,97.74,97.83,97.96,98.05,98.31,97.48,97.48,97.57,98.61,99.04,98.61,98.57,98.57,98.87,99.13,98.57,98.78,98.61,98.74,98.83,98.83,98.91,98.78,98.74,98.74,98.83,98.91,98.87,98.28,99.31,,99.48,99.48,99.48,99.48,99.52,99.52,99.52,99.48,99.70,99.70,99.65,99.65,99.70,99.70,99.70,98.41,98.61,98.65,98.70,98.70,98.70,98.83,98.83,98.62,99.17,99.17,99.17,99.04,99.22,99.26,99.09,99.17,99.15,99.17,99.17,99.22,99.22,99.22,99.26,99.17,99.04,99.33,99.35,99.39,99.44,99.44,99.44,99.48,99.52,99.52,99.48,99.44,95.31,94.44,97.13,97.09,95.87,96.05,95.74,96.01,95.87,96.40,96.40,96.87,96.87,96.27,96.48,96.70,96.74,96.53,96.74,96.53,96.61,96.50,94.83,96.14,96.05,96.27,96.22,96.53,96.18,95.18,95.96,96.22,96.48,96.05,96.40
B-LC260222,97.83,97.79,98.05,97.92,97.83,97.92,98.05,98.13,98.39,97.57,97.57,97.66,98.70,99.13,98.70,98.65,98.65,98.96,99.22,98.65,98.87,98.70,98.83,98.91,98.91,99.00,98.87,98.83,98.83,98.91,99.00,98.96,98.33,99.39,99.48,,100.00,99.57,99.57,99.61,99.61,99.61,99.57,99.78,99.78,99.74,99.74,99.78,99.78,99.78,98.46,98.70,98.74,98.78,98.78,98.78,98.91,98.91,98.56,99.26,99.26,99.26,99.17,99.31,99.35,99.17,99.26,99.24,99.26,99.26,99.31,99.31,99.31,99.35,99.26,99.22,99.41,99.44,99.48,99.52,99.52,99.52,99.57,99.61,99.61,99.57,99.52,95.27,94.44,97.22,97.09,95.87,96.05,95.74,96.01,95.87,96.48,96.48,97.05,97.05,96.44,96.57,96.74,96.79,96.61,96.83,96.61,96.70,96.68,95.09,96.31,96.22,96.44,96.40,96.70,96.35,95.47,96.05,96.40,96.66,96.22,96.57
B-KX880426,97.83,97.79,98.05,97.92,97.83,97.92,98.05,98.13,98.39,97.57,97.57,97.66,98.70,99.13,98.70,98.65,98.65,98.96,99.22,98.65,98.87,98.70,98.83,98.91,98.91,99.00,98.87,98.83,98.83,98.91,99.00,98.96,98.33,99.39,99.48,100.00,,99.57,99.57,99.61,99.61,99.61,99.57,99.78,99.78,99.74,99.74,99.78,99.78,99.78,98.46,98.70,98.74,98.78,98.78,98.78,98.91,98.91,98.56,99.26,99.26,99.26,99.17,99.31,99.35,99.17,99.26,99.24,99.26,99.26,99.31,99.31,99.31,99.35,99.26,99.22,99.41,99.44,99.48,99.52,99.52,99.52,99.57,99.61,99.61,99.57,99.52,95.27,94.44,97.22,97.09,95.87,96.05,95.74,96.01,95.87,96.48,96.48,97.05,97.05,96.44,96.57,96.74,96.79,96.61,96.83,96.61,96.70,96.68,95.09,96.31,96.22,96.44,96.40,96.70,96.35,95.47,96.05,96.40,96.66,96.22,96.57
B-MG652356,97.83,97.79,98.05,97.92,97.66,97.83,97.96,98.13,98.39,97.57,97.57,97.66,98.70,99.13,98.70,98.57,98.65,98.96,99.22,98.65,98.87,98.70,98.83,98.91,98.91,99.00,98.87,98.83,98.83,98.91,99.00,98.96,98.33,99.39,99.48,99.57,99.57,,99.91,99.96,99.61,99.61,99.57,99.78,99.78,99.74,99.74,99.78,99.78,99.78,98.46,98.70,98.74,98.78,98.78,98.78,98.91,98.91,98.56,99.26,99.26,99.26,99.13,99.31,99.35,99.17,99.26,99.24,99.26,99.26,99.31,99.31,99.31,99.35,99.26,99.13,99.46,99.48,99.48,99.52,99.52,99.52,99.57,99.61,99.61,99.57,99.52,95.31,94.44,97.13,97.09,95.79,95.96,95.66,95.92,95.79,96.48,96.48,96.96,96.96,96.35,96.57,96.74,96.79,96.61,96.83,96.61,96.70,96.50,94.98,96.22,96.14,96.35,96.31,96.61,96.27,95.34,95.96,96.31,96.57,96.14,96.48
B-MG652352,97.92,97.87,98.13,98.00,97.74,97.92,98.05,98.13,98.39,97.57,97.57,97.66,98.70,99.13,98.70,98.57,98.65,98.96,99.22,98.65,98.87,98.70,98.83,98.91,98.91,99.00,98.87,98.83,98.83,98.91,99.00,98.96,98.33,99.39,99.48,99.57,99.57,99.91,,99.96,99.61,99.61,99.57,99.78,99.78,99.74,99.74,99.78,99.78,99.78,98.46,98.70,98.74,98.78,98.78,98.78,98.91,98.91,98.56,99.26,99.26,99.26,99.13,99.31,99.35,99.17,99.26,99.24,99.26,99.26,99.31,99.31,99.31,99.35,99.26,99.13,99.46,99.48,99.48,99.52,99.52,99.52,99.57,99.61,99.61,99.57,99.52,95.35,94.53,97.22,97.18,95.87,96.05,95.74,96.01,95.87,96.57,96.57,97.05,97.05,96.44,96.66,96.83,96.87,96.70,96.92,96.70,96.79,96.59,95.09,96.31,96.22,96.44,96.40,96.70,96.35,95.44,96.05,96.40,96.66,96.22,96.57
B-MG652355,97.87,97.83,98.09,97.96,97.70,97.87,98.00,98.18,98.44,97.61,97.61,97.70,98.74,99.17,98.74,98.61,98.70,99.00,99.26,98.70,98.91,98.74,98.87,98.96,98.96,99.04,98.91,98.87,98.87,98.96,99.04,99.00,98.38,99.44,99.52,99.61,99.61,99.96,99.96,,99.65,99.65,99.61,99.83,99.83,99.78,99.78,99.83,99.83,99.83,98.51,98.74,98.78,98.83,98.83,98.83,98.96,98.96,98.62,99.31,99.31,99.31,99.17,99.35,99.39,99.22,99.31,99.28,99.30,99.31,99.35,99.35,99.35,99.39,99.31,99.17,99.50,99.52,99.52,99.57,99.57,99.57,99.61,99.65,99.65,99.61,99.57,95.31,94.49,97.18,97.13,95.83,96.01,95.70,95.96,95.83,96.53,96.53,97.00,97.00,96.40,96.61,96.79,96.83,96.66,96.87,96.66,96.74,96.55,95.04,96.27,96.18,96.40,96.35,96.66,96.31,95.39,96.01,96.35,96.61,96.18,96.53
B-LC541983,97.79,97.74,98.00,97.87,97.70,97.87,98.00,98.09,98.35,97.61,97.61,97.70,98.74,99.09,98.65,98.61,98.70,98.91,99.17,98.61,98.83,98.65,98.78,98.87,98.87,98.96,98.83,98.78,98.78,98.87,98.96,98.91,98.38,99.78,99.52,99.61,99.61,99.61,99.61,99.65,,100.00,99.96,99.83,99.83,99.78,99.78,99.83,99.83,99.83,98.62,98.83,98.87,98.91,98.91,98.91,99.04,99.04,98.62,99.31,99.31,99.31,99.17,99.35,99.39,99.22,99.31,99.28,99.30,99.31,99.35,99.35,99.35,99.39,99.31,99.26,99.46,99.48,99.52,99.57,99.57,99.57,99.61,99.65,99.65,99.61,99.57,95.27,94.57,97.18,97.13,95.92,96.09,95.79,96.05,95.92,96.44,96.44,96.92,96.92,96.31,96.53,96.70,96.74,96.66,96.79,96.57,96.66,96.63,95.04,96.27,96.18,96.48,96.44,96.66,96.31,95.39,96.01,96.35,96.61,96.18,96.53
B-LC228329,97.79,97.74,98.00,97.87,97.70,97.87,98.00,98.09,98.35,97.61,97.61,97.70,98.74,99.09,98.65,98.61,98.70,98.91,99.17,98.61,98.83,98.65,98.78,98.87,98.87,98.96,98.83,98.78,98.78,98.87,98.96,98.91,98.38,99.78,99.52,99.61,99.61,99.61,99.61,99.65,100.00,,99.96,99.83,99.83,99.78,99.78,99.83,99.83,99.83,98.62,98.83,98.87,98.91,98.91,98.91,99.04,99.04,98.62,99.31,99.31,99.31,99.17,99.35,99.39,99.22,99.31,99.28,99.30,99.31,99.35,99.35,99.35,99.39,99.31,99.26,99.46,99.48,99.52,99.57,99.57,99.57,99.61,99.65,99.65,99.61,99.57,95.27,94.57,97.18,97.13,95.92,96.09,95.79,96.05,95.92,96.44,96.44,96.92,96.92,96.31,96.53,96.70,96.74,96.66,96.79,96.57,96.66,96.63,95.04,96.27,96.18,96.48,96.44,96.66,96.31,95.39,96.01,96.35,96.61,96.18,96.53
B-LC228318,97.74,97.70,97.96,97.83,97.66,97.83,97.96,98.05,98.31,97.57,97.57,97.66,98.70,99.04,98.61,98.57,98.65,98.87,99.13,98.57,98.78,98.61,98.74,98.83,98.83,98.91,98.78,98.74,98.74,98.83,98.91,98.87,98.33,99.74,99.48,99.57,99.57,99.57,99.57,99.61,99.96,99.96,,99.78,99.78,99.74,99.74,99.78,99.78,99.78,98.57,98.78,98.83,98.87,98.87,98.87,99.00,99.00,98.56,99.26,99.26,99.26,99.13,99.31,99.35,99.17,99.26,99.24,99.26,99.26,99.31,99.31,99.31,99.35,99.26,99.22,99.41,99.44,99.48,99.52,99.52,99.52,99.57,99.61,99.61,99.57,99.52,95.22,94.53,97.13,97.09,95.87,96.05,95.74,96.01,95.87,96.40,96.40,96.87,96.87,96.27,96.48,96.66,96.70,96.61,96.74,96.53,96.61,96.59,94.98,96.22,96.14,96.44,96.40,96.61,96.27,95.34,95.96,96.31,96.57,96.14,96.48
B-KU059791,97.96,97.92,98.18,98.05,97.87,98.05,98.18,98.26,98.52,97.70,97.70,97.79,98.83,99.26,98.83,98.78,98.78,99.09,99.35,98.78,99.00,98.83,98.96,99.04,99.04,99.13,99.00,98.96,98.96,99.04,99.13,99.09,98.59,99.61,99.70,99.78,99.78,99.78,99.78,99.83,99.83,99.83,99.78,,100.00,99.96,99.96,100.00,100.00,100.00,98.72,98.91,98.96,99.00,99.00,99.00,99.13,99.13,98.82,99.48,99.48,99.48,99.35,99.52,99.57,99.39,99.48,99.46,99.48,99.48,99.52,99.52,99.52,99.57,99.48,99.35,99.63,99.65,99.70,99.74,99.74,99.74,99.78,99.83,99.83,99.78,99.74,95.40,94.57,97.26,97.22,96.01,96.18,95.87,96.14,96.01,96.61,96.61,97.09,97.09,96.48,96.70,96.87,96.92,96.74,96.96,96.74,96.83,96.72,95.14,96.35,96.27,96.48,96.44,96.74,96.40,95.49,96.09,96.44,96.70,96.27,96.61
B-KU059769,97.96,97.92,98.18,98.05,97.87,98.05,98.18,98.26,98.52,97.70,97.70,97.79,98.83,99.26,98.83,98.78,98.78,99.09,99.35,98.78,99.00,98.83,98.96,99.04,99.04,99.13,99.00,98.96,98.96,99.04,99.13,99.09,98.59,99.61,99.70,99.78,99.78,99.78,99.78,99.83,99.83,99.83,99.78,100.00,,99.96,99.96,100.00,100.00,100.00,98.72,98.91,98.96,99.00,99.00,99.00,99.13,99.13,98.82,99.48,99.48,99.48,99.35,99.52,99.57,99.39,99.48,99.46,99.48,99.48,99.52,99.52,99.52,99.57,99.48,99.35,99.63,99.65,99.70,99.74,99.74,99.74,99.78,99.83,99.83,99.78,99.74,95.40,94.57,97.26,97.22,96.01,96.18,95.87,96.14,96.01,96.61,96.61,97.09,97.09,96.48,96.70,96.87,96.92,96.74,96.96,96.74,96.83,96.72,95.14,96.35,96.27,96.48,96.44,96.74,96.40,95.49,96.09,96.44,96.70,96.27,96.61
B-KU059780,97.92,97.87,98.13,98.00,97.83,98.00,98.13,98.22,98.48,97.66,97.66,97.74,98.78,99.22,98.78,98.74,98.74,99.04,99.31,98.83,98.96,98.78,98.91,99.00,99.00,99.09,98.96,98.91,98.91,99.00,99.09,99.04,98.54,99.57,99.65,99.74,99.74,99.74,99.74,99.78,99.78,99.78,99.74,99.96,99.96,,99.91,99.96,99.96,99.96,98.67,98.87,98.91,98.96,98.96,98.96,99.09,99.09,98.77,99.44,99.44,99.44,99.31,99.48,99.52,99.35,99.44,99.41,99.43,99.44,99.48,99.48,99.48,99.52,99.44,99.31,99.59,99.61,99.65,99.70,99.70,99.70,99.74,99.78,99.78,99.74,99.70,95.35,94.62,97.22,97.18,96.05,96.22,95.92,96.18,96.05,96.66,96.66,97.13,97.13,96.44,96.66,96.83,96.87,96.70,96.92,96.70,96.79,96.68,95.09,96.31,96.22,96.44,96.40,96.70,96.35,95.44,96.05,96.40,96.66,96.31,96.57
B-MG652348,97.92,97.87,98.13,98.00,97.83,98.00,98.13,98.22,98.48,97.66,97.66,97.74,98.78,99.22,98.78,98.74,98.74,99.04,99.31,98.74,98.96,98.78,98.91,99.00,99.00,99.09,98.96,98.91,98.91,99.00,99.09,99.04,98.54,99.57,99.65,99.74,99.74,99.74,99.74,99.78,99.78,99.78,99.74,99.96,99.96,99.91,,99.96,99.96,99.96,98.67,98.87,98.91,98.96,98.96,98.96,99.09,99.09,98.77,99.44,99.44,99.44,99.31,99.48,99.52,99.35,99.44,99.41,99.43,99.44,99.48,99.48,99.48,99.52,99.44,99.31,99.59,99.61,99.65,99.70,99.70,99.70,99.74,99.78,99.78,99.74,99.70,95.35,94.53,97.22,97.18,95.96,96.14,95.83,96.09,95.96,96.57,96.57,97.05,97.05,96.44,96.66,96.83,96.87,96.70,96.92,96.70,96.79,96.68,95.09,96.31,96.22,96.44,96.40,96.70,96.35,95.44,96.05,96.40,96.66,96.22,96.57
B-MG652339,97.96,97.92,98.18,98.05,97.87,98.05,98.18,98.26,98.52,97.70,97.70,97.79,98.83,99.26,98.83,98.78,98.78,99.09,99.35,98.78,99.00,98.83,98.96,99.04,99.04,99.13,99.00,98.96,98.96,99.04,99.13,99.09,98.59,99.61,99.70,99.78,99.78,99.78,99.78,99.83,99.83,99.83,99.78,100.00,100.00,99.96,99.96,,100.00,100.00,98.72,98.91,98.96,99.00,99.00,99.00,99.13,99.13,98.82,99.48,99.48,99.48,99.35,99.52,99.57,99.39,99.48,99.46,99.48,99.48,99.52,99.52,99.52,99.57,99.48,99.35,99.63,99.65,99.70,99.74,99.74,99.74,99.78,99.83,99.83,99.78,99.74,95.40,94.57,97.26,97.22,96.01,96.18,95.87,96.14,96.01,96.61,96.61,97.09,97.09,96.48,96.70,96.87,96.92,96.74,96.96,96.74,96.83,96.72,95.14,96.35,96.27,96.48,96.44,96.74,96.40,95.49,96.09,96.44,96.70,96.27,96.61
B-LC086728,97.96,97.92,98.18,98.05,97.87,98.05,98.18,98.26,98.52,97.70,97.70,97.79,98.83,99.26,98.83,98.78,98.78,99.09,99.35,98.78,99.00,98.83,98.96,99.04,99.04,99.13,99.00,98.96,98.96,99.04,99.13,99.09,98.59,99.61,99.70,99.78,99.78,99.78,99.78,99.83,99.83,99.83,99.78,100.00,100.00,99.96,99.96,100.00,,100.00,98.72,98.91,98.96,99.00,99.00,99.00,99.13,99.13,98.82,99.48,99.48,99.48,99.35,99.52,99.57,99.39,99.48,99.46,99.48,99.48,99.52,99.52,99.52,99.57,99.48,99.35,99.63,99.65,99.70,99.74,99.74,99.74,99.78,99.83,99.83,99.78,99.74,95.40,94.57,97.26,97.22,96.01,96.18,95.87,96.14,96.01,96.61,96.61,97.09,97.09,96.48,96.70,96.87,96.92,96.74,96.96,96.74,96.83,96.72,95.14,96.35,96.27,96.48,96.44,96.74,96.40,95.49,96.09,96.44,96.70,96.27,96.61
B-LC086717,97.96,97.92,98.18,98.05,97.87,98.05,98.18,98.26,98.52,97.70,97.70,97.79,98.83,99.26,98.83,98.78,98.78,99.09,99.35,98.78,99.00,98.83,98.96,99.04,99.04,99.13,99.00,98.96,98.96,99.04,99.13,99.09,98.59,99.61,99.70,99.78,99.78,99.78,99.78,99.83,99.83,99.83,99.78,100.00,100.00,99.96,99.96,100.00,100.00,,98.72,98.91,98.96,99.00,99.00,99.00,99.13,99.13,98.82,99.48,99.48,99.48,99.35,99.52,99.57,99.39,99.48,99.46,99.48,99.48,99.52,99.52,99.52,99.57,99.48,99.35,99.63,99.65,99.70,99.74,99.74,99.74,99.78,99.83,99.83,99.78,99.74,95.40,94.57,97.26,97.22,96.01,96.18,95.87,96.14,96.01,96.61,96.61,97.09,97.09,96.48,96.70,96.87,96.92,96.74,96.96,96.74,96.83,96.72,95.14,96.35,96.27,96.48,96.44,96.74,96.40,95.49,96.09,96.44,96.70,96.27,96.61
B-PX211226,97.20,97.09,97.35,97.30,97.09,97.20,97.35,97.83,97.78,97.14,97.04,97.20,97.93,98.41,97.99,97.93,98.09,98.25,98.51,97.93,98.14,98.04,98.14,98.25,98.25,98.30,98.09,98.04,98.04,98.20,98.30,98.25,98.67,98.41,98.41,98.46,98.46,98.46,98.46,98.51,98.62,98.62,98.57,98.72,98.72,98.67,98.67,98.72,98.72,98.72,,99.46,99.51,99.51,99.51,99.51,99.41,99.35,99.14,98.72,98.78,98.88,98.51,98.72,98.78,98.62,98.67,99.12,99.14,99.20,99.20,99.20,99.20,99.04,98.93,98.41,98.75,98.75,98.72,98.78,98.72,98.83,98.78,98.83,98.83,98.78,98.72,93.98,93.75,96.41,96.35,95.04,95.19,94.83,95.09,94.93,95.88,95.88,96.46,96.46,95.56,95.77,96.09,96.09,95.93,96.09,95.93,95.98,95.77,95.33,95.41,95.30,95.56,95.67,95.93,95.56,95.63,95.30,95.56,95.88,95.51,95.77
B-OP850488,97.22,97.18,97.44,97.31,97.22,97.31,97.44,97.61,97.79,97.05,96.96,97.05,98.09,98.52,98.18,98.13,98.13,98.35,98.61,98.13,98.26,98.09,98.31,98.31,98.31,98.39,98.26,98.22,98.22,98.31,98.39,98.35,98.17,98.61,98.61,98.70,98.70,98.70,98.70,98.74,98.83,98.83,98.78,98.91,98.91,98.87,98.87,98.91,98.91,98.91,99.46,,99.83,99.87,99.87,99.87,99.61,99.52,98.62,98.91,98.91,99.04,98.87,98.96,99.00,98.83,98.91,99.33,99.35,99.35,99.39,99.39,99.39,99.17,99.09,98.61,98.81,98.83,98.87,98.91,98.91,98.91,98.96,99.00,99.00,98.96,98.91,94.70,94.05,96.53,96.48,95.35,95.53,95.22,95.48,95.35,95.96,95.96,96.44,96.44,95.74,95.96,96.22,96.27,96.09,96.22,96.01,96.09,96.07,94.72,95.79,95.70,95.83,95.87,96.09,95.74,95.08,95.61,95.87,96.05,95.79,96.05
B-OP850487,97.26,97.22,97.48,97.35,97.26,97.35,97.48,97.66,97.83,97.09,97.00,97.09,98.13,98.57,98.22,98.18,98.18,98.39,98.65,98.18,98.31,98.13,98.35,98.35,98.35,98.44,98.31,98.26,98.26,98.35,98.44,98.39,98.17,98.65,98.65,98.74,98.74,98.74,98.74,98.78,98.87,98.87,98.83,98.96,98.96,98.91,98.91,98.96,98.96,98.96,99.51,99.83,,99.96,99.96,99.96,99.65,99.57,98.62,98.96,98.96,99.09,98.91,99.00,99.04,98.87,98.96,99.37,99.39,99.39,99.44,99.44,99.44,99.22,99.13,98.65,98.85,98.87,98.91,98.96,98.96,98.96,99.00,99.04,99.04,99.00,98.96,94.75,94.09,96.57,96.53,95.40,95.57,95.27,95.53,95.40,96.01,96.01,96.48,96.48,95.79,96.01,96.27,96.31,96.14,96.27,96.05,96.14,96.11,94.72,95.83,95.74,95.87,95.92,96.14,95.79,95.08,95.66,95.92,96.09,95.83,96.09
B-OP850486,97.31,97.26,97.52,97.39,97.31,97.39,97.52,97.70,97.87,97.13,97.05,97.13,98.18,98.61,98.26,98.22,98.22,98.44,98.70,98.22,98.35,98.18,98.39,98.39,98.39,98.48,98.35,98.31,98.31,98.39,98.48,98.44,98.17,98.70,98.70,98.78,98.78,98.78,98.78,98.83,98.91,98.91,98.87,99.00,99.00,98.96,98.96,99.00,99.00,99.00,99.51,99.87,99.96,,100.00,100.00,99.70,99.61,98.62,99.00,99.00,99.13,98.96,99.04,99.09,98.91,99.00,99.41,99.43,99.44,99.48,99.48,99.48,99.26,99.17,98.70,98.89,98.91,98.96,99.00,99.00,99.00,99.04,99.09,99.09,99.04,99.00,94.79,94.14,96.61,96.57,95.44,95.61,95.31,95.57,95.44,96.05,96.05,96.53,96.53,95.83,96.05,96.31,96.35,96.18,96.31,96.09,96.18,96.16,94.72,95.87,95.79,95.92,95.96,96.18,95.83,95.08,95.70,95.96,96.14,95.87,96.14
B-OP850485,97.31,97.26,97.52,97.39,97.31,97.39,97.52,97.70,97.87,97.13,97.05,97.13,98.18,98.61,98.26,98.22,98.22,98.44,98.70,98.22,98.35,98.18,98.39,98.39,98.39,98.48,98.35,98.31,98.31,98.39,98.48,98.44,98.17,98.70,98.70,98.78,98.78,98.78,98.78,98.83,98.91,98.91,98.87,99.00,99.00,98.96,98.96,99.00,99.00,99.00,99.51,99.87,99.96,100.00,,100.00,99.70,99.61,98.62,99.00,99.00,99.13,98.96,99.04,99.09,98.91,99.00,99.41,99.43,99.44,99.48,99.48,99.48,99.26,99.17,98.70,98.89,98.91,98.96,99.00,99.00,99.00,99.04,99.09,99.09,99.04,99.00,94.79,94.14,96.61,96.57,95.44,95.61,95.31,95.57,95.44,96.05,96.05,96.53,96.53,95.83,96.05,96.31,96.35,96.18,96.31,96.09,96.18,96.16,94.72,95.87,95.79,95.92,95.96,96.18,95.83,95.08,95.70,95.96,96.14,95.87,96.14
B-OP850483,97.31,97.26,97.52,97.39,97.31,97.39,97.52,97.70,97.87,97.13,97.05,97.13,98.18,98.61,98.26,98.22,98.22,98.44,98.70,98.22,98.35,98.18,98.39,98.39,98.39,98.48,98.35,98.31,98.31,98.39,98.48,98.44,98.17,98.70,98.70,98.78,98.78,98.78,98.78,98.83,98.91,98.91,98.87,99.00,99.00,98.96,98.96,99.00,99.00,99.00,99.51,99.87,99.96,100.00,100.00,,99.70,99.61,98.62,99.00,99.00,99.13,98.96,99.04,99.09,98.91,99.00,99.41,99.43,99.44,99.48,99.48,99.48,99.26,99.17,98.70,98.89,98.91,98.96,99.00,99.00,99.00,99.04,99.09,99.09,99.04,99.00,94.79,94.14,96.61,96.57,95.44,95.61,95.31,95.57,95.44,96.05,96.05,96.53,96.53,95.83,96.05,96.31,96.35,96.18,96.31,96.09,96.18,96.16,94.72,95.87,95.79,95.92,95.96,96.18,95.83,95.08,95.70,95.96,96.14,95.87,96.14
B-LC514495,97.44,97.39,97.66,97.52,97.44,97.52,97.66,97.83,98.00,97.26,97.18,97.26,98.31,98.74,98.31,98.26,98.35,98.65,98.83,98.26,98.48,98.31,98.52,98.52,98.52,98.61,98.48,98.44,98.44,98.52,98.61,98.57,98.28,98.83,98.83,98.91,98.91,98.91,98.91,98.96,99.04,99.04,99.00,99.13,99.13,99.09,99.09,99.13,99.13,99.13,99.41,99.61,99.65,99.70,99.70,99.70,,99.74,98.72,99.13,99.13,99.26,99.09,99.17,99.22,99.04,99.13,99.54,99.65,99.57,99.61,99.61,99.61,99.39,99.31,98.83,99.02,99.04,99.09,99.13,99.13,99.13,99.17,99.22,99.22,99.17,99.13,94.92,94.09,96.74,96.70,95.57,95.74,95.44,95.70,95.57,96.18,96.18,96.66,96.66,95.96,96.18,96.35,96.40,96.31,96.44,96.22,96.31,96.20,94.83,96.01,95.92,96.05,96.09,96.31,95.96,95.18,95.83,96.18,96.27,96.01,96.27
B-LC514473,97.44,97.39,97.66,97.52,97.44,97.52,97.66,97.83,98.00,97.26,97.26,97.35,98.31,98.74,98.31,98.26,98.35,98.57,98.83,98.26,98.48,98.31,98.52,98.52,98.52,98.61,98.48,98.44,98.44,98.52,98.61,98.57,98.33,98.83,98.83,98.91,98.91,98.91,98.91,98.96,99.04,99.04,99.00,99.13,99.13,99.09,99.09,99.13,99.13,99.13,99.35,99.52,99.57,99.61,99.61,99.61,99.74,,98.67,99.13,99.13,99.26,99.00,99.17,99.22,99.04,99.13,99.46,99.48,99.48,99.52,99.52,99.52,99.31,99.22,98.83,99.02,99.04,99.09,99.13,99.13,99.13,99.17,99.22,99.22,99.17,99.13,94.83,94.09,96.74,96.70,95.57,95.74,95.44,95.70,95.57,96.18,96.18,96.66,96.66,95.96,96.18,96.35,96.40,96.31,96.44,96.22,96.31,96.20,94.88,96.01,95.92,96.05,96.09,96.31,95.96,95.23,95.83,96.09,96.27,96.01,96.27
B-PX211228,97.10,97.20,97.41,97.36,97.05,97.26,97.41,97.73,97.83,97.20,97.10,97.26,97.94,98.41,97.99,97.94,97.99,98.25,98.51,97.94,98.15,98.04,98.15,98.25,98.25,98.30,98.09,98.04,98.04,98.20,98.30,98.25,98.98,98.41,98.62,98.56,98.56,98.56,98.56,98.62,98.62,98.62,98.56,98.82,98.82,98.77,98.77,98.82,98.82,98.82,99.14,98.62,98.62,98.62,98.62,98.62,98.72,98.67,,98.82,98.88,98.93,98.62,98.82,98.88,98.72,98.77,99.01,99.03,99.09,99.09,99.09,99.09,99.14,99.03,98.41,98.85,98.85,98.82,98.88,98.82,98.93,98.88,98.93,98.93,98.88,98.82,94.02,93.55,96.47,96.42,94.96,95.11,94.75,95.01,94.85,95.69,95.69,96.26,96.26,95.48,95.69,96.00,96.00,95.74,96.00,95.85,95.90,95.69,95.59,95.32,95.22,95.48,95.48,95.85,95.48,95.89,95.22,95.48,95.79,95.43,95.69
B-MH704724,97.70,97.74,98.00,97.87,97.70,97.87,98.00,98.09,98.35,97.52,97.52,97.61,98.65,99.09,98.65,98.61,98.61,98.91,99.17,98.61,98.83,98.65,98.78,98.87,98.87,98.96,98.83,98.78,98.78,98.87,98.96,98.91,98.38,99.17,99.17,99.26,99.26,99.26,99.26,99.31,99.31,99.31,99.26,99.48,99.48,99.44,99.44,99.48,99.48,99.48,98.72,98.91,98.96,99.00,99.00,99.00,99.13,99.13,98.82,,99.83,99.48,99.35,99.52,99.57,99.39,99.48,99.46,99.48,99.48,99.52,99.52,99.52,99.57,99.48,99.09,99.37,99.39,99.44,99.48,99.48,99.48,99.52,99.57,99.57,99.52,99.48,95.14,94.40,97.09,97.05,95.74,95.92,95.61,95.87,95.74,96.35,96.35,96.83,96.83,96.27,96.48,96.61,96.66,96.53,96.70,96.48,96.57,96.46,94.93,96.18,96.09,96.22,96.18,96.57,96.14,95.28,96.01,96.27,96.44,96.18,96.44
B-LC228307,97.70,97.74,98.00,97.87,97.70,97.87,98.00,98.09,98.35,97.52,97.52,97.61,98.65,99.09,98.65,98.61,98.61,98.91,99.17,98.61,98.83,98.65,98.78,98.87,98.87,98.96,98.83,98.78,98.78,98.87,98.96,98.91,98.43,99.09,99.17,99.26,99.26,99.26,99.26,99.31,99.31,99.31,99.26,99.48,99.48,99.44,99.44,99.48,99.48,99.48,98.78,98.91,98.96,99.00,99.00,99.00,99.13,99.13,98.88,99.83,,99.48,99.35,99.52,99.57,99.39,99.48,99.46,99.48,99.48,99.52,99.52,99.52,99.57,99.48,99.09,99.37,99.39,99.44,99.48,99.48,99.48,99.52,99.57,99.57,99.52,99.48,95.14,94.40,97.09,97.05,95.74,95.92,95.61,95.87,95.74,96.35,96.35,96.83,96.83,96.27,96.48,96.61,96.66,96.53,96.70,96.48,96.57,96.46,94.98,96.18,96.09,96.22,96.18,96.57,96.14,95.34,96.01,96.27,96.44,96.18,96.44
B-MF997038,97.61,97.66,97.92,97.79,97.61,97.79,97.92,98.00,98.26,97.44,97.44,97.52,98.57,99.00,98.57,98.52,98.52,98.83,99.09,98.52,98.74,98.57,98.70,98.78,98.78,98.87,98.74,98.70,98.70,98.78,98.87,98.83,98.38,99.09,99.17,99.26,99.26,99.26,99.26,99.31,99.31,99.31,99.26,99.48,99.48,99.44,99.44,99.48,99.48,99.48,98.88,99.04,99.09,99.13,99.13,99.13,99.26,99.26,98.93,99.48,99.48,,99.52,99.70,99.74,99.57,99.65,99.54,99.56,99.57,99.61,99.61,99.61,99.65,99.57,99.09,99.37,99.39,99.44,99.48,99.48,99.48,99.52,99.57,99.57,99.52,99.48,95.14,94.22,97.00,96.96,95.66,95.83,95.53,95.79,95.66,96.27,96.27,96.74,96.74,96.14,96.35,96.53,96.57,96.40,96.61,96.40,96.48,96.37,94.93,96.18,96.09,96.22,96.18,96.48,96.14,95.28,96.01,96.27,96.44,96.18,96.44
B-MW715609,97.52,97.57,97.83,97.70,97.52,97.70,97.83,97.92,98.18,97.35,97.35,97.44,98.48,98.91,98.57,98.52,98.44,98.74,99.00,98.52,98.65,98.48,98.61,98.70,98.70,98.78,98.65,98.61,98.61,98.70,98.78,98.74,98.17,98.96,99.04,99.17,99.17,99.13,99.13,99.17,99.17,99.17,99.13,99.35,99.35,99.31,99.31,99.35,99.35,99.35,98.51,98.87,98.91,98.96,98.96,98.96,99.09,99.00,98.62,99.35,99.35,99.52,,99.74,99.78,99.61,99.70,99.33,99.43,99.35,99.39,99.39,99.39,99.44,99.35,98.96,99.24,99.26,99.31,99.35,99.35,99.35,99.39,99.44,99.44,99.39,99.35,95.05,94.27,97.00,96.96,95.70,95.87,95.57,95.83,95.70,96.18,96.18,96.66,96.66,96.05,96.35,96.61,96.66,96.40,96.61,96.40,96.48,96.46,94.67,96.01,95.92,96.05,96.01,96.40,95.96,95.02,95.83,96.18,96.27,96.01,96.27
B-KU550282,97.66,97.70,97.96,97.83,97.66,97.83,97.96,98.05,98.31,97.48,97.48,97.57,98.61,99.04,98.61,98.57,98.57,98.87,99.13,98.57,98.78,98.61,98.74,98.83,98.83,98.91,98.78,98.74,98.74,98.83,98.91,98.87,98.38,99.13,99.22,99.31,99.31,99.31,99.31,99.35,99.35,99.35,99.31,99.52,99.52,99.48,99.48,99.52,99.52,99.52,98.72,98.96,99.00,99.04,99.04,99.04,99.17,99.17,98.82,99.52,99.52,99.70,99.74,,99.96,99.78,99.87,99.50,99.52,99.52,99.57,99.57,99.57,99.61,99.52,99.13,99.41,99.44,99.48,99.52,99.52,99.52,99.57,99.61,99.61,99.57,99.52,95.09,94.22,97.05,97.00,95.74,95.92,95.61,95.87,95.74,96.31,96.31,96.79,96.79,96.18,96.40,96.57,96.61,96.44,96.66,96.44,96.53,96.42,94.83,96.14,96.05,96.18,96.14,96.53,96.09,95.18,95.96,96.22,96.40,96.14,96.40
B-KU550280,97.70,97.74,98.00,97.87,97.70,97.87,98.00,98.09,98.35,97.52,97.52,97.61,98.65,99.09,98.65,98.61,98.61,98.91,99.17,98.61,98.83,98.65,98.78,98.87,98.87,98.96,98.83,98.78,98.78,98.87,98.96,98.91,98.43,99.17,99.26,99.35,99.35,99.35,99.35,99.39,99.39,99.39,99.35,99.57,99.57,99.52,99.52,99.57,99.57,99.57,98.78,99.00,99.04,99.09,99.09,99.09,99.22,99.22,98.88,99.57,99.57,99.74,99.78,99.96,,99.83,99.91,99.54,99.56,99.57,99.61,99.61,99.61,99.65,99.57,99.17,99.46,99.48,99.52,99.57,99.57,99.57,99.61,99.65,99.65,99.61,99.57,95.14,94.27,97.09,97.05,95.79,95.96,95.66,95.92,95.79,96.35,96.35,96.83,96.83,96.22,96.44,96.61,96.66,96.48,96.70,96.48,96.57,96.46,94.88,96.18,96.09,96.22,96.18,96.57,96.14,95.23,96.01,96.27,96.44,96.18,96.44
B-KU870388,97.61,97.66,97.92,97.79,97.61,97.79,97.92,98.00,98.26,97.44,97.44,97.52,98.57,99.00,98.48,98.44,98.52,98.83,99.09,98.52,98.74,98.57,98.70,98.78,98.78,98.87,98.74,98.70,98.70,98.78,98.87,98.83,98.22,99.00,99.09,99.17,99.17,99.17,99.17,99.22,99.22,99.22,99.17,99.39,99.39,99.35,99.35,99.39,99.39,99.39,98.62,98.83,98.87,98.91,98.91,98.91,99.04,99.04,98.72,99.39,99.39,99.57,99.61,99.78,99.83,,99.91,99.37,99.39,99.39,99.44,99.44,99.44,99.48,99.39,99.00,99.28,99.35,99.35,99.39,99.39,99.39,99.44,99.48,99.48,99.44,99.39,94.96,94.18,96.92,96.87,95.70,95.87,95.57,95.83,95.70,96.27,96.27,96.74,96.74,96.14,96.35,96.53,96.57,96.40,96.61,96.40,96.48,96.33,94.78,96.09,96.01,96.14,96.09,96.48,96.05,95.13,95.92,96.18,96.35,96.09,96.35
B-KU870410,97.61,97.66,97.92,97.79,97.61,97.79,97.92,98.00,98.26,97.44,97.44,97.52,98.57,99.00,98.57,98.52,98.52,98.83,99.09,98.52,98.74,98.57,98.70,98.78,98.78,98.87,98.74,98.70,98.70,98.78,98.87,98.83,98.33,99.09,99.17,99.26,99.26,99.26,99.26,99.31,99.31,99.31,99.26,99.48,99.48,99.44,99.44,99.48,99.48,99.48,98.67,98.91,98.96,99.00,99.00,99.00,99.13,99.13,98.77,99.48,99.48,99.65,99.70,99.87,99.91,99.91,,99.46,99.48,99.48,99.52,99.52,99.52,99.57,99.48,99.09,99.37,99.39,99.44,99.48,99.48,99.48,99.52,99.57,99.57,99.52,99.48,95.05,94.18,97.00,96.96,95.70,95.87,95.57,95.83,95.70,96.27,96.27,96.74,96.74,96.14,96.35,96.53,96.57,96.40,96.61,96.40,96.48,96.37,94.78,96.09,96.01,96.14,96.09,96.48,96.05,95.13,95.92,96.18,96.35,96.09,96.35
B-KX880415,97.59,97.72,97.89,97.76,97.59,97.76,97.89,98.07,98.24,97.50,97.42,97.50,98.55,98.98,98.55,98.50,98.59,98.81,99.07,98.50,98.72,98.55,98.76,98.76,98.76,98.85,98.72,98.68,98.68,98.76,98.85,98.81,98.35,99.07,99.15,99.24,99.24,99.24,99.24,99.28,99.28,99.28,99.24,99.46,99.46,99.41,99.41,99.46,99.46,99.46,99.12,99.33,99.37,99.41,99.41,99.41,99.54,99.46,99.01,99.46,99.46,99.54,99.33,99.50,99.54,99.37,99.46,,99.89,99.89,99.93,99.93,99.93,99.72,99.63,99.07,99.35,99.37,99.41,99.46,99.46,99.46,99.50,99.54,99.54,99.50,99.46,95.12,94.16,97.07,97.03,95.68,95.85,95.55,95.81,95.68,96.33,96.33,96.81,96.81,96.20,96.42,96.59,96.63,96.46,96.68,96.46,96.55,96.35,94.91,96.16,96.07,96.20,96.24,96.46,96.11,95.26,95.98,96.24,96.42,96.16,96.42
B-MZ546113,97.65,97.65,97.91,97.82,97.60,97.78,97.91,98.04,98.26,97.52,97.43,97.52,98.56,99.00,98.61,98.56,98.56,98.82,99.09,98.56,98.74,98.61,98.82,98.82,98.82,98.91,98.78,98.74,98.74,98.82,98.91,98.87,98.38,99.09,99.17,99.26,99.26,99.26,99.26,99.30,99.30,99.30,99.26,99.48,99.48,99.43,99.43,99.48,99.48,99.48,99.14,99.35,99.39,99.43,99.43,99.43,99.65,99.48,99.03,99.48,99.48,99.56,99.43,99.52,99.56,99.39,99.48,99.89,,99.91,99.96,99.96,99.96,99.78,99.70,99.09,99.41,99.39,99.43,99.48,99.48,99.48,99.52,99.56,99.56,99.52,99.48,95.12,94.12,97.04,96.99,95.64,95.82,95.51,95.78,95.64,96.34,96.34,96.82,96.82,96.17,96.39,96.56,96.56,96.39,96.60,96.39,96.47,96.36,94.93,96.17,96.08,96.21,96.25,96.47,96.12,95.28,95.99,96.34,96.43,96.17,96.43
B-LC514484,97.61,97.66,97.92,97.79,97.61,97.79,97.92,98.00,98.26,97.52,97.44,97.52,98.57,99.00,98.57,98.52,98.52,98.83,99.09,98.52,98.74,98.57,98.78,98.78,98.78,98.87,98.74,98.70,98.70,98.78,98.87,98.83,98.43,99.09,99.17,99.26,99.26,99.26,99.26,99.31,99.31,99.31,99.26,99.48,99.48,99.44,99.44,99.48,99.48,99.48,99.20,99.35,99.39,99.44,99.44,99.44,99.57,99.48,99.09,99.48,99.48,99.57,99.35,99.52,99.57,99.39,99.48,99.89,99.91,,99.96,99.96,99.96,99.74,99.65,99.09,99.37,99.39,99.44,99.48,99.48,99.48,99.52,99.57,99.57,99.52,99.48,95.05,94.14,97.00,96.96,95.66,95.83,95.53,95.79,95.66,96.35,96.35,96.83,96.83,96.14,96.35,96.53,96.57,96.40,96.61,96.40,96.48,96.37,94.98,96.18,96.09,96.22,96.27,96.48,96.14,95.34,96.01,96.27,96.44,96.18,96.44
B-KU550284,97.66,97.70,97.96,97.83,97.66,97.83,97.96,98.05,98.31,97.57,97.48,97.57,98.61,99.04,98.61,98.57,98.57,98.87,99.13,98.57,98.78,98.61,98.83,98.83,98.83,98.91,98.78,98.74,98.74,98.83,98.91,98.87,98.43,99.13,99.22,99.31,99.31,99.31,99.31,99.35,99.35,99.35,99.31,99.52,99.52,99.48,99.48,99.52,99.52,99.52,99.20,99.39,99.44,99.48,99.48,99.48,99.61,99.52,99.09,99.52,99.52,99.61,99.39,99.57,99.61,99.44,99.52,99.93,99.96,99.96,,100.00,100.00,99.78,99.70,99.13,99.41,99.44,99.48,99.52,99.52,99.52,99.57,99.61,99.61,99.57,99.52,95.09,94.18,97.05,97.00,95.70,95.87,95.57,95.83,95.70,96.40,96.40,96.87,96.87,96.18,96.40,96.57,96.61,96.44,96.66,96.44,96.53,96.42,94.98,96.22,96.14,96.27,96.31,96.53,96.18,95.34,96.05,96.31,96.48,96.22,96.48
B-KU550283,97.66,97.70,97.96,97.83,97.66,97.83,97.96,98.05,98.31,97.57,97.48,97.57,98.61,99.04,98.61,98.57,98.57,98.87,99.13,98.57,98.78,98.61,98.83,98.83,98.83,98.91,98.78,98.74,98.74,98.83,98.91,98.87,98.43,99.13,99.22,99.31,99.31,99.31,99.31,99.35,99.35,99.35,99.31,99.52,99.52,99.48,99.48,99.52,99.52,99.52,99.20,99.39,99.44,99.48,99.48,99.48,99.61,99.52,99.09,99.52,99.52,99.61,99.39,99.57,99.61,99.44,99.52,99.93,99.96,99.96,100.00,,100.00,99.78,99.70,99.13,99.41,99.44,99.48,99.52,99.52,99.52,99.57,99.61,99.61,99.57,99.52,95.09,94.18,97.05,97.00,95.70,95.87,95.57,95.83,95.70,96.40,96.40,96.87,96.87,96.18,96.40,96.57,96.61,96.44,96.66,96.44,96.53,96.42,94.98,96.22,96.14,96.27,96.31,96.53,96.18,95.34,96.05,96.31,96.48,96.22,96.48
B-KU550281,97.66,97.70,97.96,97.83,97.66,97.83,97.96,98.05,98.31,97.57,97.48,97.57,98.61,99.04,98.61,98.57,98.57,98.87,99.13,98.57,98.78,98.61,98.83,98.83,98.83,98.91,98.78,98.74,98.74,98.83,98.91,98.87,98.43,99.13,99.22,99.31,99.31,99.31,99.31,99.35,99.35,99.35,99.31,99.52,99.52,99.48,99.48,99.52,99.52,99.52,99.20,99.39,99.44,99.48,99.48,99.48,99.61,99.52,99.09,99.52,99.52,99.61,99.39,99.57,99.61,99.44,99.52,99.93,99.96,99.96,100.00,100.00,,99.78,99.70,99.13,99.41,99.44,99.48,99.52,99.52,99.52,99.57,99.61,99.61,99.57,99.52,95.09,94.18,97.05,97.00,95.70,95.87,95.57,95.83,95.70,96.40,96.40,96.87,96.87,96.18,96.40,96.57,96.61,96.44,96.66,96.44,96.53,96.42,94.98,96.22,96.14,96.27,96.31,96.53,96.18,95.34,96.05,96.31,96.48,96.22,96.48
B-MH569766,97.79,97.74,98.00,97.87,97.70,97.87,98.00,98.09,98.35,97.61,97.52,97.61,98.65,99.09,98.65,98.61,98.61,98.91,99.17,98.61,98.83,98.65,98.78,98.87,98.87,98.96,98.83,98.78,98.78,98.87,98.96,98.91,98.48,99.17,99.26,99.35,99.35,99.35,99.35,99.39,99.39,99.39,99.35,99.57,99.57,99.52,99.52,99.57,99.57,99.57,99.04,99.17,99.22,99.26,99.26,99.26,99.39,99.31,99.14,99.57,99.57,99.65,99.44,99.61,99.65,99.48,99.57,99.72,99.78,99.74,99.78,99.78,99.78,,99.83,99.17,99.54,99.48,99.52,99.57,99.57,99.57,99.61,99.65,99.65,99.61,99.57,95.14,94.22,97.18,97.13,95.74,95.92,95.61,95.87,95.74,96.35,96.35,96.83,96.83,96.31,96.53,96.61,96.66,96.48,96.70,96.48,96.57,96.46,95.04,96.27,96.18,96.31,96.27,96.57,96.22,95.39,96.09,96.35,96.53,96.27,96.53
B-MH569765,97.70,97.66,98.00,97.79,97.61,97.79,97.92,98.00,98.26,97.52,97.44,97.52,98.57,99.00,98.57,98.52,98.52,98.91,99.09,98.52,98.74,98.65,98.70,98.78,98.78,98.87,98.74,98.70,98.70,98.78,98.87,98.83,98.38,99.09,99.17,99.26,99.26,99.26,99.26,99.31,99.31,99.31,99.26,99.48,99.48,99.44,99.44,99.48,99.48,99.48,98.93,99.09,99.13,99.17,99.17,99.17,99.31,99.22,99.03,99.48,99.48,99.57,99.35,99.52,99.57,99.39,99.48,99.63,99.70,99.65,99.70,99.70,99.70,99.83,,99.09,99.46,99.39,99.44,99.48,99.48,99.48,99.52,99.57,99.57,99.52,99.48,95.14,94.14,97.09,97.05,95.74,95.92,95.61,95.87,95.74,96.27,96.27,96.74,96.74,96.40,96.44,96.53,96.57,96.48,96.61,96.40,96.48,96.46,95.04,96.35,96.27,96.31,96.27,96.57,96.22,95.49,96.18,96.44,96.53,96.35,96.61
B-LC260228,97.57,97.70,97.87,97.74,97.74,97.83,97.96,97.96,98.22,97.39,97.39,97.48,98.52,98.87,98.44,98.39,98.48,98.70,98.96,98.39,98.61,98.44,98.57,98.65,98.74,98.74,98.61,98.57,98.57,98.65,98.74,98.70,98.28,99.04,99.04,99.22,99.22,99.13,99.13,99.17,99.26,99.26,99.22,99.35,99.35,99.31,99.31,99.35,99.35,99.35,98.41,98.61,98.65,98.70,98.70,98.70,98.83,98.83,98.41,99.09,99.09,99.09,98.96,99.13,99.17,99.00,99.09,99.07,99.09,99.09,99.13,99.13,99.13,99.17,99.09,,99.24,99.26,99.39,99.35,99.35,99.35,99.39,99.44,99.44,99.39,99.35,95.09,94.27,97.31,97.18,95.61,95.79,95.48,95.74,95.61,96.31,96.31,96.79,96.79,96.27,96.40,96.57,96.61,96.53,96.66,96.44,96.53,96.42,94.93,96.14,96.05,96.40,96.27,96.44,96.09,95.28,95.96,96.31,96.40,96.05,96.40
B-MG599530,97.98,97.85,98.11,97.98,97.76,97.94,98.07,98.20,98.46,97.63,97.63,97.72,98.76,99.20,98.76,98.68,98.72,99.02,99.28,98.72,98.94,98.76,98.89,98.98,98.98,99.07,98.94,98.89,98.89,98.98,99.07,99.02,98.62,99.24,99.33,99.41,99.41,99.46,99.46,99.50,99.46,99.46,99.41,99.63,99.63,99.59,99.59,99.63,99.63,99.63,98.75,98.81,98.85,98.89,98.89,98.89,99.02,99.02,98.85,99.37,99.37,99.37,99.24,99.41,99.46,99.28,99.37,99.35,99.41,99.37,99.41,99.41,99.41,99.54,99.46,99.24,,99.91,99.59,99.63,99.63,99.63,99.67,99.72,99.72,99.67,99.63,95.25,94.51,97.29,97.24,95.90,96.07,95.77,96.03,95.90,96.55,96.55,97.03,97.03,96.59,96.81,96.81,96.85,96.68,96.90,96.68,96.77,96.61,95.27,96.29,96.20,96.50,96.46,96.77,96.42,95.62,96.11,96.46,96.72,96.29,96.63
B-MG599529,97.96,97.92,98.18,98.05,97.83,98.00,98.13,98.26,98.52,97.70,97.70,97.79,98.83,99.26,98.78,98.70,98.78,99.09,99.35,98.78,99.00,98.83,98.96,99.04,99.04,99.13,99.00,98.96,98.96,99.04,99.13,99.09,98.59,99.26,99.35,99.44,99.44,99.48,99.48,99.52,99.48,99.48,99.44,99.65,99.65,99.61,99.61,99.65,99.65,99.65,98.75,98.83,98.87,98.91,98.91,98.91,99.04,99.04,98.85,99.39,99.39,99.39,99.26,99.44,99.48,99.35,99.39,99.37,99.39,99.39,99.44,99.44,99.44,99.48,99.39,99.26,99.91,,99.61,99.65,99.65,99.65,99.70,99.74,99.74,99.70,99.65,95.27,94.57,97.22,97.18,95.96,96.14,95.83,96.09,95.96,96.61,96.61,97.09,97.09,96.57,96.79,96.87,96.92,96.74,96.96,96.74,96.83,96.66,95.30,96.35,96.27,96.57,96.53,96.83,96.48,95.65,96.18,96.53,96.79,96.35,96.70
B-LC430887,97.83,97.96,98.13,98.00,97.92,98.09,98.22,98.22,98.48,97.66,97.66,97.74,98.78,99.22,98.78,98.83,98.74,99.04,99.31,98.74,98.96,98.78,98.91,99.00,99.00,99.09,98.96,98.91,98.91,99.00,99.09,99.04,98.69,99.31,99.39,99.48,99.48,99.48,99.48,99.52,99.52,99.52,99.48,99.70,99.70,99.65,99.65,99.70,99.70,99.70,98.72,98.87,98.91,98.96,98.96,98.96,99.09,99.09,98.82,99.44,99.44,99.44,99.31,99.48,99.52,99.35,99.44,99.41,99.43,99.44,99.48,99.48,99.48,99.52,99.44,99.39,99.59,99.61,,99.70,99.70,99.70,99.74,99.78,99.78,99.74,99.70,95.27,94.36,97.22,97.18,95.87,96.05,95.74,96.01,95.87,96.48,96.48,96.96,96.96,96.44,96.66,96.83,96.87,96.70,96.92,96.70,96.79,96.68,95.14,96.31,96.22,96.44,96.40,96.61,96.35,95.49,96.05,96.48,96.66,96.22,96.57
B-AB975550,97.87,97.92,98.26,98.05,97.96,98.13,98.26,98.26,98.52,97.79,97.79,97.87,98.83,99.26,98.83,98.78,98.78,99.09,99.35,98.78,99.00,98.83,98.96,99.04,99.04,99.13,99.00,98.96,98.96,99.04,99.13,99.09,98.64,99.35,99.44,99.52,99.52,99.52,99.52,99.57,99.57,99.57,99.52,99.74,99.74,99.70,99.70,99.74,99.74,99.74,98.78,98.91,98.96,99.00,99.00,99.00,99.13,99.13,98.88,99.48,99.48,99.48,99.35,99.52,99.57,99.39,99.48,99.46,99.48,99.48,99.52,99.52,99.52,99.57,99.48,99.35,99.63,99.65,99.70,,99.83,99.83,99.87,99.91,99.91,99.87,99.83,95.40,94.49,97.26,97.22,96.01,96.18,95.87,96.14,96.01,96.53,96.53,97.00,97.00,96.40,96.61,96.79,96.83,96.66,96.87,96.66,96.74,96.63,95.14,96.27,96.18,96.40,96.35,96.66,96.31,95.44,96.01,96.35,96.61,96.18,96.53
B-AB975549,97.96,97.92,98.18,98.13,97.96,98.13,98.26,98.26,98.52,97.79,97.79,97.87,98.83,99.26,98.83,98.78,98.78,99.09,99.35,98.78,99.00,98.83,98.96,99.04,99.04,99.13,99.00,98.96,98.96,99.04,99.13,99.09,98.59,99.35,99.44,99.52,99.52,99.52,99.52,99.57,99.57,99.57,99.52,99.74,99.74,99.70,99.70,99.74,99.74,99.74,98.72,98.91,98.96,99.00,99.00,99.00,99.13,99.13,98.82,99.48,99.48,99.48,99.35,99.52,99.57,99.39,99.48,99.46,99.48,99.48,99.52,99.52,99.52,99.57,99.48,99.35,99.63,99.65,99.70,99.83,,99.83,99.87,99.91,99.91,99.87,99.83,95.31,94.57,97.26,97.22,96.09,96.27,95.96,96.22,96.09,96.66,96.66,97.09,97.09,96.48,96.70,96.87,96.92,96.74,96.96,96.74,96.83,96.72,95.19,96.35,96.27,96.48,96.44,96.74,96.40,95.49,96.09,96.44,96.70,96.27,96.61
B-AB975466,97.96,98.00,98.26,98.13,97.96,98.13,98.26,98.35,98.61,97.87,97.87,97.96,98.83,99.26,98.83,98.78,98.78,99.09,99.44,98.78,99.00,98.83,98.96,99.04,99.04,99.13,99.00,98.96,98.96,99.04,99.13,99.09,98.64,99.35,99.44,99.52,99.52,99.52,99.52,99.57,99.57,99.57,99.52,99.74,99.74,99.70,99.70,99.74,99.74,99.74,98.83,98.91,98.96,99.00,99.00,99.00,99.13,99.13,98.93,99.48,99.48,99.48,99.35,99.52,99.57,99.39,99.48,99.46,99.48,99.48,99.52,99.52,99.52,99.57,99.48,99.35,99.63,99.65,99.70,99.83,99.83,,99.87,99.91,99.91,99.87,99.83,95.40,94.57,97.35,97.31,96.09,96.27,95.96,96.22,96.09,96.61,96.61,97.09,97.09,96.48,96.70,96.87,96.92,96.74,96.96,96.74,96.83,96.72,95.25,96.35,96.27,96.48,96.44,96.74,96.40,95.55,96.09,96.44,96.70,96.27,96.61
B-AB975472,97.92,97.96,98.22,98.09,97.92,98.09,98.22,98.31,98.57,97.83,97.83,97.92,98.87,99.31,98.87,98.83,98.83,99.13,99.39,98.83,99.04,98.87,99.00,99.09,99.09,99.17,99.04,99.00,99.00,99.09,99.17,99.13,98.64,99.39,99.48,99.57,99.57,99.57,99.57,99.61,99.61,99.61,99.57,99.78,99.78,99.74,99.74,99.78,99.78,99.78,98.78,98.96,99.00,99.04,99.04,99.04,99.17,99.17,98.88,99.52,99.52,99.52,99.39,99.57,99.61,99.44,99.52,99.50,99.52,99.52,99.57,99.57,99.57,99.61,99.52,99.39,99.67,99.70,99.74,99.87,99.87,99.87,,99.96,99.96,99.91,99.87,95.35,94.53,97.31,97.26,96.05,96.22,95.92,96.18,96.05,96.57,96.57,97.05,97.05,96.44,96.66,96.83,96.87,96.70,96.92,96.70,96.79,96.68,95.14,96.31,96.22,96.44,96.40,96.70,96.35,95.44,96.05,96.40,96.66,96.22,96.57
B-KY616888,97.96,98.00,98.26,98.13,97.96,98.13,98.26,98.35,98.61,97.87,97.87,97.96,98.91,99.35,98.91,98.87,98.87,99.17,99.44,98.87,99.09,98.91,99.04,99.13,99.13,99.22,99.09,99.04,99.04,99.13,99.22,99.17,98.69,99.44,99.52,99.61,99.61,99.61,99.61,99.65,99.65,99.65,99.61,99.83,99.83,99.78,99.78,99.83,99.83,99.83,98.83,99.00,99.04,99.09,99.09,99.09,99.22,99.22,98.93,99.57,99.57,99.57,99.44,99.61,99.65,99.48,99.57,99.54,99.56,99.57,99.61,99.61,99.61,99.65,99.57,99.44,99.72,99.74,99.78,99.91,99.91,99.91,99.96,,100.00,99.96,99.91,95.40,94.57,97.35,97.31,96.09,96.27,95.96,96.22,96.09,96.61,96.61,97.09,97.09,96.48,96.70,96.87,96.92,96.74,96.96,96.74,96.83,96.72,95.19,96.35,96.27,96.48,96.44,96.74,96.40,95.49,96.09,96.44,96.70,96.27,96.61
B-AB848005,97.96,98.00,98.26,98.13,97.96,98.13,98.26,98.35,98.61,97.87,97.87,97.96,98.91,99.35,98.91,98.87,98.87,99.17,99.44,98.87,99.09,98.91,99.04,99.13,99.13,99.22,99.09,99.04,99.04,99.13,99.22,99.17,98.69,99.44,99.52,99.61,99.61,99.61,99.61,99.65,99.65,99.65,99.61,99.83,99.83,99.78,99.78,99.83,99.83,99.83,98.83,99.00,99.04,99.09,99.09,99.09,99.22,99.22,98.93,99.57,99.57,99.57,99.44,99.61,99.65,99.48,99.57,99.54,99.56,99.57,99.61,99.61,99.61,99.65,99.57,99.44,99.72,99.74,99.78,99.91,99.91,99.91,99.96,100.00,,99.96,99.91,95.40,94.57,97.35,97.31,96.09,96.27,95.96,96.22,96.09,96.61,96.61,97.09,97.09,96.48,96.70,96.87,96.92,96.74,96.96,96.74,96.83,96.72,95.19,96.35,96.27,96.48,96.44,96.74,96.40,95.49,96.09,96.44,96.70,96.27,96.61
B-LC751042,97.92,97.96,98.22,98.09,97.92,98.09,98.22,98.31,98.57,97.83,97.83,97.92,98.87,99.31,98.87,98.83,98.83,99.13,99.39,98.83,99.04,98.87,99.00,99.09,99.09,99.17,99.04,99.00,99.00,99.09,99.17,99.13,98.64,99.39,99.48,99.57,99.57,99.57,99.57,99.61,99.61,99.61,99.57,99.78,99.78,99.74,99.74,99.78,99.78,99.78,98.78,98.96,99.00,99.04,99.04,99.04,99.17,99.17,98.88,99.52,99.52,99.52,99.39,99.57,99.61,99.44,99.52,99.50,99.52,99.52,99.57,99.57,99.57,99.61,99.52,99.39,99.67,99.70,99.74,99.87,99.87,99.87,99.91,99.96,99.96,,99.96,95.35,94.53,97.31,97.26,96.05,96.22,95.92,96.18,96.05,96.57,96.57,97.05,97.05,96.44,96.66,96.83,96.87,96.70,96.92,96.70,96.79,96.68,95.14,96.31,96.22,96.44,96.40,96.70,96.35,95.44,96.05,96.40,96.66,96.22,96.57
B-LC751012,97.87,98.00,98.26,98.05,97.87,98.05,98.18,98.26,98.52,97.79,97.79,97.87,98.83,99.26,98.83,98.78,98.78,99.09,99.35,98.78,99.00,98.83,98.96,99.04,99.04,99.13,99.00,98.96,98.96,99.04,99.13,99.09,98.59,99.35,99.44,99.52,99.52,99.52,99.52,99.57,99.57,99.57,99.52,99.74,99.74,99.70,99.70,99.74,99.74,99.74,98.72,98.91,98.96,99.00,99.00,99.00,99.13,99.13,98.82,99.48,99.48,99.48,99.35,99.52,99.57,99.39,99.48,99.46,99.48,99.48,99.52,99.52,99.52,99.57,99.48,99.35,99.63,99.65,99.70,99.83,99.83,99.83,99.87,99.91,99.91,99.96,,95.40,94.57,97.26,97.22,96.09,96.27,95.96,96.22,96.09,96.53,96.53,97.00,97.00,96.40,96.61,96.79,96.83,96.66,96.87,96.66,96.74,96.63,95.14,96.27,96.18,96.40,96.35,96.66,96.31,95.39,96.01,96.35,96.61,96.18,96.53
B-MG181659,95.09,95.79,95.66,95.44,95.22,95.18,95.35,95.27,95.57,94.79,94.79,94.88,95.09,95.44,95.09,94.96,95.22,95.27,95.61,95.05,95.27,95.01,95.14,95.22,95.22,95.31,95.18,95.14,95.14,95.22,95.31,95.27,94.04,95.18,95.31,95.27,95.27,95.31,95.35,95.31,95.27,95.27,95.22,95.40,95.40,95.35,95.35,95.40,95.40,95.40,93.98,94.70,94.75,94.79,94.79,94.79,94.92,94.83,94.02,95.14,95.14,95.14,95.05,95.09,95.14,94.96,95.05,95.12,95.12,95.05,95.09,95.09,95.09,95.14,95.14,95.09,95.25,95.27,95.27,95.40,95.31,95.40,95.35,95.40,95.40,95.35,95.40,,92.84,95.14,95.09,93.70,93.79,93.57,93.83,93.70,94.18,94.18,94.53,94.53,94.18,94.09,94.57,94.62,94.36,94.49,94.18,94.27,94.42,92.37,94.01,94.01,93.96,93.88,94.40,93.88,92.57,93.79,94.05,94.27,93.79,94.14
A-EF672598,95.74,94.92,95.18,95.05,94.79,94.79,94.92,94.49,94.75,94.27,94.31,94.49,94.79,94.79,94.62,94.49,94.49,94.70,94.88,94.66,94.62,94.53,94.57,94.66,94.92,94.83,94.62,94.57,94.57,94.66,94.75,94.70,93.63,94.40,94.44,94.44,94.44,94.44,94.53,94.49,94.57,94.57,94.53,94.57,94.57,94.62,94.53,94.57,94.57,94.57,93.75,94.05,94.09,94.14,94.14,94.14,94.09,94.09,93.55,94.40,94.40,94.22,94.27,94.22,94.27,94.18,94.18,94.16,94.12,94.14,94.18,94.18,94.18,94.22,94.14,94.27,94.51,94.57,94.36,94.49,94.57,94.57,94.53,94.57,94.57,94.53,94.57,92.84,,94.53,94.49,95.87,96.05,95.87,96.14,96.09,94.88,94.88,95.31,95.31,94.44,94.66,95.01,95.05,94.88,95.01,94.70,94.79,94.90,93.52,94.44,94.44,94.57,94.62,94.83,94.44,93.77,94.44,94.36,94.70,94.36,94.62
B-MZ027446,97.61,98.22,98.05,97.83,97.52,97.57,97.79,97.48,97.70,96.87,96.87,96.96,97.48,97.57,97.31,97.18,97.44,97.39,97.74,97.18,97.39,97.22,97.35,97.52,97.52,97.52,97.48,97.44,97.44,97.52,97.52,97.48,96.29,97.00,97.13,97.22,97.22,97.13,97.22,97.18,97.18,97.18,97.13,97.26,97.26,97.22,97.22,97.26,97.26,97.26,96.41,96.53,96.57,96.61,96.61,96.61,96.74,96.74,96.47,97.09,97.09,97.00,97.00,97.05,97.09,96.92,97.00,97.07,97.04,97.00,97.05,97.05,97.05,97.18,97.09,97.31,97.29,97.22,97.22,97.26,97.26,97.35,97.31,97.35,97.35,97.31,97.26,95.14,94.53,,99.87,95.61,95.79,95.40,95.66,95.53,96.44,96.44,96.92,96.92,96.35,96.48,96.61,96.66,96.53,96.79,96.48,96.57,96.46,95.04,96.14,96.05,96.09,96.05,96.74,95.96,95.39,95.96,96.05,96.31,95.96,96.40
B-MZ027424,97.57,98.18,98.00,97.79,97.39,97.52,97.74,97.44,97.66,96.83,96.83,96.92,97.44,97.52,97.26,97.13,97.39,97.35,97.70,97.13,97.35,97.18,97.31,97.48,97.48,97.48,97.44,97.39,97.39,97.48,97.48,97.44,96.24,96.96,97.09,97.09,97.09,97.09,97.18,97.13,97.13,97.13,97.09,97.22,97.22,97.18,97.18,97.22,97.22,97.22,96.35,96.48,96.53,96.57,96.57,96.57,96.70,96.70,96.42,97.05,97.05,96.96,96.96,97.00,97.05,96.87,96.96,97.03,96.99,96.96,97.00,97.00,97.00,97.13,97.05,97.18,97.24,97.18,97.18,97.22,97.22,97.31,97.26,97.31,97.31,97.26,97.22,95.09,94.49,99.87,,95.57,95.74,95.35,95.61,95.48,96.40,96.40,96.79,96.79,96.22,96.44,96.57,96.61,96.48,96.74,96.44,96.53,96.33,94.88,96.01,95.92,95.96,95.92,96.61,95.83,95.23,95.83,95.92,96.18,95.83,96.27
A-MG652331,97.31,96.27,96.61,96.57,96.40,96.40,96.53,95.87,96.05,95.57,95.57,95.74,96.14,96.22,95.79,95.74,95.74,96.05,96.31,95.92,96.05,95.79,95.92,96.01,96.01,96.09,95.96,95.92,95.92,96.01,96.09,96.05,95.04,95.70,95.87,95.87,95.87,95.79,95.87,95.83,95.92,95.92,95.87,96.01,96.01,96.05,95.96,96.01,96.01,96.01,95.04,95.35,95.40,95.44,95.44,95.44,95.57,95.57,94.96,95.74,95.74,95.66,95.70,95.74,95.79,95.70,95.70,95.68,95.64,95.66,95.70,95.70,95.70,95.74,95.74,95.61,95.90,95.96,95.87,96.01,96.09,96.09,96.05,96.09,96.09,96.05,96.09,93.70,95.87,95.61,95.57,,99.74,99.09,99.44,99.31,96.27,96.27,96.74,96.74,96.18,96.14,96.44,96.48,96.27,96.53,96.35,96.44,96.46,95.09,96.09,96.01,96.22,96.18,96.48,96.18,95.44,95.92,96.09,96.53,96.09,96.27
A-KJ919614,97.48,96.44,96.79,96.74,96.57,96.57,96.70,96.05,96.22,95.74,95.74,95.92,96.31,96.40,95.96,95.92,95.92,96.22,96.48,96.09,96.22,95.96,96.09,96.18,96.18,96.27,96.14,96.09,96.09,96.18,96.27,96.22,95.19,95.87,96.05,96.05,96.05,95.96,96.05,96.01,96.09,96.09,96.05,96.18,96.18,96.22,96.14,96.18,96.18,96.18,95.19,95.53,95.57,95.61,95.61,95.61,95.74,95.74,95.11,95.92,95.92,95.83,95.87,95.92,95.96,95.87,95.87,95.85,95.82,95.83,95.87,95.87,95.87,95.92,95.92,95.79,96.07,96.14,96.05,96.18,96.27,96.27,96.22,96.27,96.27,96.22,96.27,93.79,96.05,95.79,95.74,99.74,,99.26,99.61,99.48,96.44,96.44,96.92,96.92,96.27,96.31,96.61,96.66,96.44,96.70,96.53,96.61,96.63,95.25,96.27,96.18,96.40,96.35,96.66,96.35,95.60,96.09,96.27,96.61,96.27,96.44
A-MG652329,97.18,96.14,96.48,96.44,96.31,96.31,96.44,95.74,95.92,95.44,95.44,95.61,96.01,96.09,95.66,95.61,95.61,95.92,96.18,95.79,95.92,95.66,95.79,95.87,95.87,95.96,95.83,95.79,95.79,95.87,95.96,95.92,94.83,95.57,95.74,95.74,95.74,95.66,95.74,95.70,95.79,95.79,95.74,95.87,95.87,95.92,95.83,95.87,95.87,95.87,94.83,95.22,95.27,95.31,95.31,95.31,95.44,95.44,94.75,95.61,95.61,95.53,95.57,95.61,95.66,95.57,95.57,95.55,95.51,95.53,95.57,95.57,95.57,95.61,95.61,95.48,95.77,95.83,95.74,95.87,95.96,95.96,95.92,95.96,95.96,95.92,95.96,93.57,95.87,95.40,95.35,99.09,99.26,,99.48,99.70,96.14,96.14,96.61,96.61,95.96,96.01,96.31,96.35,96.14,96.40,96.18,96.27,96.33,94.93,95.96,95.87,96.01,96.05,96.35,96.05,95.23,95.79,95.96,96.31,95.96,96.22
A-JX185761,97.52,96.40,96.74,96.70,96.53,96.53,96.66,96.01,96.18,95.70,95.70,95.87,96.27,96.35,95.92,95.87,95.87,96.18,96.44,96.05,96.18,95.92,96.05,96.14,96.14,96.22,96.09,96.05,96.05,96.14,96.22,96.18,95.09,95.83,96.01,96.01,96.01,95.92,96.01,95.96,96.05,96.05,96.01,96.14,96.14,96.18,96.09,96.14,96.14,96.14,95.09,95.48,95.53,95.57,95.57,95.57,95.70,95.70,95.01,95.87,95.87,95.79,95.83,95.87,95.92,95.83,95.83,95.81,95.78,95.79,95.83,95.83,95.83,95.87,95.87,95.74,96.03,96.09,96.01,96.14,96.22,96.22,96.18,96.22,96.22,96.18,96.22,93.83,96.14,95.66,95.61,99.44,99.61,99.48,,99.70,96.48,96.48,96.96,96.96,96.31,96.35,96.66,96.70,96.48,96.74,96.53,96.61,96.68,95.25,96.31,96.22,96.35,96.31,96.70,96.40,95.60,96.14,96.31,96.66,96.31,96.48
A-KJ919638,97.39,96.27,96.61,96.57,96.44,96.44,96.57,95.87,96.05,95.57,95.57,95.74,96.14,96.22,95.79,95.74,95.74,96.05,96.31,95.92,96.05,95.79,95.92,96.01,96.01,96.09,95.96,95.92,95.92,96.01,96.09,96.05,94.93,95.70,95.87,95.87,95.87,95.79,95.87,95.83,95.92,95.92,95.87,96.01,96.01,96.05,95.96,96.01,96.01,96.01,94.93,95.35,95.40,95.44,95.44,95.44,95.57,95.57,94.85,95.74,95.74,95.66,95.70,95.74,95.79,95.70,95.70,95.68,95.64,95.66,95.70,95.70,95.70,95.74,95.74,95.61,95.90,95.96,95.87,96.01,96.09,96.09,96.05,96.09,96.09,96.05,96.09,93.70,96.09,95.53,95.48,99.31,99.48,99.70,99.70,,96.35,96.35,96.83,96.83,96.27,96.31,96.61,96.66,96.44,96.70,96.48,96.57,96.55,95.14,96.18,96.09,96.22,96.18,96.57,96.27,95.44,96.09,96.18,96.53,96.18,96.35
A-LC172601,98.18,96.92,97.35,97.39,96.96,97.05,97.18,96.66,97.09,96.27,96.27,96.35,96.87,96.87,96.53,96.40,96.57,96.70,97.05,96.66,96.79,96.61,96.74,96.74,96.92,96.83,96.79,96.74,96.74,96.83,96.92,96.87,95.56,96.22,96.40,96.48,96.48,96.48,96.57,96.53,96.44,96.44,96.40,96.61,96.61,96.66,96.57,96.61,96.61,96.61,95.88,95.96,96.01,96.05,96.05,96.05,96.18,96.18,95.69,96.35,96.35,96.27,96.18,96.31,96.35,96.27,96.27,96.33,96.34,96.35,96.40,96.40,96.40,96.35,96.27,96.31,96.55,96.61,96.48,96.53,96.66,96.61,96.57,96.61,96.61,96.57,96.53,94.18,94.88,96.44,96.40,96.27,96.44,96.14,96.48,96.35,,100.00,98.87,98.87,97.39,97.66,98.18,98.22,98.09,98.35,98.13,98.22,96.85,95.51,96.53,96.44,96.48,96.61,96.92,96.48,95.86,96.18,96.44,96.87,96.44,96.61
A-LC172588,98.18,96.92,97.35,97.39,96.96,97.05,97.18,96.66,97.09,96.27,96.27,96.35,96.87,96.87,96.53,96.40,96.57,96.70,97.05,96.66,96.79,96.61,96.74,96.74,96.92,96.83,96.79,96.74,96.74,96.83,96.92,96.87,95.56,96.22,96.40,96.48,96.48,96.48,96.57,96.53,96.44,96.44,96.40,96.61,96.61,96.66,96.57,96.61,96.61,96.61,95.88,95.96,96.01,96.05,96.05,96.05,96.18,96.18,95.69,96.35,96.35,96.27,96.18,96.31,96.35,96.27,96.27,96.33,96.34,96.35,96.40,96.40,96.40,96.35,96.27,96.31,96.55,96.61,96.48,96.53,96.66,96.61,96.57,96.61,96.61,96.57,96.53,94.18,94.88,96.44,96.40,96.27,96.44,96.14,96.48,96.35,100.00,,98.87,98.87,97.39,97.66,98.18,98.22,98.09,98.35,98.13,98.22,96.85,95.51,96.53,96.44,96.48,96.61,96.92,96.48,95.86,96.18,96.44,96.87,96.44,96.61
A-HM773681,98.74,97.48,97.92,98.00,97.70,97.70,97.83,97.22,97.57,96.74,96.74,96.83,97.35,97.35,96.92,96.79,96.96,97.18,97.52,97.05,97.26,97.00,97.13,97.22,97.31,97.31,97.18,97.13,97.13,97.22,97.31,97.26,96.13,96.70,96.87,97.05,97.05,96.96,97.05,97.00,96.92,96.92,96.87,97.09,97.09,97.13,97.05,97.09,97.09,97.09,96.46,96.44,96.48,96.53,96.53,96.53,96.66,96.66,96.26,96.83,96.83,96.74,96.66,96.79,96.83,96.74,96.74,96.81,96.82,96.83,96.87,96.87,96.87,96.83,96.74,96.79,97.03,97.09,96.96,97.00,97.09,97.09,97.05,97.09,97.09,97.05,97.00,94.53,95.31,96.92,96.79,96.74,96.92,96.61,96.96,96.83,98.87,98.87,,100.00,98.09,98.26,98.78,98.83,98.70,98.96,98.65,98.74,97.50,96.19,97.09,97.00,97.13,97.26,97.66,97.13,96.54,96.83,97.09,97.44,97.09,97.26
A-HM773670,98.74,97.48,97.92,98.00,97.70,97.70,97.83,97.22,97.57,96.74,96.74,96.83,97.35,97.35,96.92,96.79,96.96,97.18,97.52,97.05,97.26,97.00,97.13,97.22,97.31,97.31,97.18,97.13,97.13,97.22,97.31,97.26,96.13,96.70,96.87,97.05,97.05,96.96,97.05,97.00,96.92,96.92,96.87,97.09,97.09,97.13,97.05,97.09,97.09,97.09,96.46,96.44,96.48,96.53,96.53,96.53,96.66,96.66,96.26,96.83,96.83,96.74,96.66,96.79,96.83,96.74,96.74,96.81,96.82,96.83,96.87,96.87,96.87,96.83,96.74,96.79,97.03,97.09,96.96,97.00,97.09,97.09,97.05,97.09,97.09,97.05,97.00,94.53,95.31,96.92,96.79,96.74,96.92,96.61,96.96,96.83,98.87,98.87,100.00,,98.09,98.26,98.78,98.83,98.70,98.96,98.65,98.74,97.50,96.19,97.09,97.00,97.13,97.26,97.66,97.13,96.54,96.83,97.09,97.44,97.09,97.26
A-MT633446,98.26,96.83,97.18,97.31,97.05,97.05,97.26,96.61,96.79,95.96,96.05,96.05,96.74,96.74,96.31,96.18,96.44,96.57,96.92,96.35,96.66,96.40,96.53,96.61,96.70,96.70,96.57,96.57,96.57,96.61,96.70,96.66,95.35,96.09,96.27,96.44,96.44,96.35,96.44,96.40,96.31,96.31,96.27,96.48,96.48,96.44,96.44,96.48,96.48,96.48,95.56,95.74,95.79,95.83,95.83,95.83,95.96,95.96,95.48,96.27,96.27,96.14,96.05,96.18,96.22,96.14,96.14,96.20,96.17,96.14,96.18,96.18,96.18,96.31,96.40,96.27,96.59,96.57,96.44,96.40,96.48,96.48,96.44,96.48,96.48,96.44,96.40,94.18,94.44,96.35,96.22,96.18,96.27,95.96,96.31,96.27,97.39,97.39,98.09,98.09,,98.96,98.44,98.48,98.78,98.70,98.48,98.57,97.20,96.24,97.26,97.18,97.22,97.26,97.57,97.48,96.70,97.18,97.44,97.70,97.26,97.52
A-MT633444,98.39,97.05,97.39,97.52,97.18,97.26,97.48,96.83,97.05,96.35,96.44,96.44,96.96,96.96,96.61,96.48,96.66,96.79,97.13,96.66,96.87,96.70,96.74,96.83,96.92,96.92,96.79,96.74,96.74,96.83,96.92,96.87,95.66,96.31,96.48,96.57,96.57,96.57,96.66,96.61,96.53,96.53,96.48,96.70,96.70,96.66,96.66,96.70,96.70,96.70,95.77,95.96,96.01,96.05,96.05,96.05,96.18,96.18,95.69,96.48,96.48,96.35,96.35,96.40,96.44,96.35,96.35,96.42,96.39,96.35,96.40,96.40,96.40,96.53,96.44,96.40,96.81,96.79,96.66,96.61,96.70,96.70,96.66,96.70,96.70,96.66,96.61,94.09,94.66,96.48,96.44,96.14,96.31,96.01,96.35,96.31,97.66,97.66,98.26,98.26,98.96,,98.78,98.83,99.22,99.13,98.83,98.91,97.20,95.98,96.96,96.87,97.05,97.09,97.44,97.26,96.33,96.87,97.18,97.44,97.00,97.26
A-JX027953,98.52,97.35,97.70,97.92,97.52,97.57,97.79,97.18,97.35,96.61,96.53,96.61,97.05,97.13,96.79,96.66,96.83,96.96,97.31,96.83,96.96,96.79,96.92,97.00,97.09,97.09,96.96,96.92,96.92,97.00,97.09,97.05,95.87,96.48,96.70,96.74,96.74,96.74,96.83,96.79,96.70,96.70,96.66,96.87,96.87,96.83,96.83,96.87,96.87,96.87,96.09,96.22,96.27,96.31,96.31,96.31,96.35,96.35,96.00,96.61,96.61,96.53,96.61,96.57,96.61,96.53,96.53,96.59,96.56,96.53,96.57,96.57,96.57,96.61,96.53,96.57,96.81,96.87,96.83,96.79,96.87,96.87,96.83,96.87,96.87,96.83,96.79,94.57,95.01,96.61,96.57,96.44,96.61,96.31,96.66,96.61,98.18,98.18,98.78,98.78,98.44,98.78,,99.96,99.31,99.48,99.17,99.26,97.37,95.82,96.70,96.61,96.83,96.79,97.26,96.87,96.17,96.61,96.87,97.13,96.70,96.96
A-JX027940,98.57,97.39,97.74,97.87,97.57,97.61,97.83,97.13,97.39,96.66,96.57,96.66,97.09,97.18,96.74,96.61,96.79,97.00,97.35,96.79,97.00,96.74,96.87,96.96,97.05,97.05,96.92,96.87,96.87,96.96,97.05,97.00,95.87,96.53,96.74,96.79,96.79,96.79,96.87,96.83,96.74,96.74,96.70,96.92,96.92,96.87,96.87,96.92,96.92,96.92,96.09,96.27,96.31,96.35,96.35,96.35,96.40,96.40,96.00,96.66,96.66,96.57,96.66,96.61,96.66,96.57,96.57,96.63,96.56,96.57,96.61,96.61,96.61,96.66,96.57,96.61,96.85,96.92,96.87,96.83,96.92,96.92,96.87,96.92,96.92,96.87,96.83,94.62,95.05,96.66,96.61,96.48,96.66,96.35,96.70,96.66,98.22,98.22,98.83,98.83,98.48,98.83,99.96,,99.35,99.52,99.22,99.31,97.42,95.82,96.74,96.66,96.87,96.83,97.31,96.92,96.17,96.66,96.92,97.18,96.74,97.00
A-KP007147,98.52,97.18,97.52,97.66,97.31,97.39,97.61,96.96,97.22,96.40,96.40,96.48,97.00,97.00,96.57,96.44,96.70,96.83,97.18,96.61,96.92,96.66,96.79,96.87,96.96,96.96,96.83,96.79,96.79,96.87,96.96,96.92,95.61,96.44,96.53,96.61,96.61,96.61,96.70,96.66,96.66,96.66,96.61,96.74,96.74,96.70,96.70,96.74,96.74,96.74,95.93,96.09,96.14,96.18,96.18,96.18,96.31,96.31,95.74,96.53,96.53,96.40,96.40,96.44,96.48,96.40,96.40,96.46,96.39,96.40,96.44,96.44,96.44,96.48,96.48,96.53,96.68,96.74,96.70,96.66,96.74,96.74,96.70,96.74,96.74,96.70,96.66,94.36,94.88,96.53,96.48,96.27,96.44,96.14,96.48,96.44,98.09,98.09,98.70,98.70,98.78,99.22,99.31,99.35,,99.57,99.26,99.35,97.20,95.72,96.70,96.61,96.83,96.87,97.18,96.87,96.07,96.61,96.87,97.05,96.70,96.96
A-KF371691,98.70,97.44,97.79,97.92,97.57,97.66,97.87,97.18,97.44,96.61,96.61,96.70,97.22,97.22,96.79,96.66,96.92,97.05,97.39,96.83,97.13,96.87,97.00,97.09,97.18,97.18,97.05,97.00,97.00,97.09,97.18,97.13,95.87,96.57,96.74,96.83,96.83,96.83,96.92,96.87,96.79,96.79,96.74,96.96,96.96,96.92,96.92,96.96,96.96,96.96,96.09,96.22,96.27,96.31,96.31,96.31,96.44,96.44,96.00,96.70,96.70,96.61,96.61,96.66,96.70,96.61,96.61,96.68,96.60,96.61,96.66,96.66,96.66,96.70,96.61,96.66,96.90,96.96,96.92,96.87,96.96,96.96,96.92,96.96,96.96,96.92,96.87,94.49,95.01,96.79,96.74,96.53,96.70,96.40,96.74,96.70,98.35,98.35,98.96,98.96,98.70,99.13,99.48,99.52,99.57,,99.52,99.61,97.46,95.92,96.87,96.79,97.00,96.96,97.44,97.00,96.28,96.79,97.05,97.31,96.87,97.13
A-JQ069692,98.39,97.13,97.48,97.61,97.44,97.44,97.66,96.96,97.22,96.40,96.40,96.48,97.00,97.00,96.57,96.44,96.70,96.83,97.18,96.61,96.92,96.66,96.79,96.87,96.96,96.96,96.83,96.79,96.79,96.87,96.96,96.92,95.72,96.35,96.53,96.61,96.61,96.61,96.70,96.66,96.57,96.57,96.53,96.74,96.74,96.70,96.70,96.74,96.74,96.74,95.93,96.01,96.05,96.09,96.09,96.09,96.22,96.22,95.85,96.48,96.48,96.40,96.40,96.44,96.48,96.40,96.40,96.46,96.39,96.40,96.44,96.44,96.44,96.48,96.40,96.44,96.68,96.74,96.70,96.66,96.74,96.74,96.70,96.74,96.74,96.70,96.66,94.18,94.70,96.48,96.44,96.35,96.53,96.18,96.53,96.48,98.13,98.13,98.65,98.65,98.48,98.83,99.17,99.22,99.26,99.52,,99.91,97.16,95.66,96.66,96.57,96.79,96.74,97.22,96.79,96.02,96.57,96.83,97.09,96.66,96.92
A-JQ069688,98.48,97.22,97.57,97.70,97.52,97.52,97.74,97.05,97.31,96.48,96.48,96.57,97.09,97.09,96.66,96.53,96.79,96.92,97.26,96.70,97.00,96.74,96.87,96.96,97.05,97.05,96.92,96.87,96.87,96.96,97.05,97.00,95.77,96.44,96.61,96.70,96.70,96.70,96.79,96.74,96.66,96.66,96.61,96.83,96.83,96.79,96.79,96.83,96.83,96.83,95.98,96.09,96.14,96.18,96.18,96.18,96.31,96.31,95.90,96.57,96.57,96.48,96.48,96.53,96.57,96.48,96.48,96.55,96.47,96.48,96.53,96.53,96.53,96.57,96.48,96.53,96.77,96.83,96.79,96.74,96.83,96.83,96.79,96.83,96.83,96.79,96.74,94.27,94.79,96.57,96.53,96.44,96.61,96.27,96.61,96.57,98.22,98.22,98.74,98.74,98.57,98.91,99.26,99.31,99.35,99.61,99.91,,97.24,95.72,96.74,96.66,96.87,96.83,97.31,96.87,96.07,96.66,96.92,97.18,96.74,97.00
A-JX027865,98.20,96.98,97.42,97.37,97.29,97.29,97.42,96.77,96.94,96.24,96.33,96.33,96.90,96.90,96.59,96.55,96.50,96.72,97.16,96.59,96.81,96.55,96.68,96.77,96.77,96.85,96.72,96.77,96.77,96.77,96.85,96.81,95.69,96.50,96.50,96.68,96.68,96.50,96.59,96.55,96.63,96.63,96.59,96.72,96.72,96.68,96.68,96.72,96.72,96.72,95.77,96.07,96.11,96.16,96.16,96.16,96.20,96.20,95.69,96.46,96.46,96.37,96.46,96.42,96.46,96.33,96.37,96.35,96.36,96.37,96.42,96.42,96.42,96.46,96.46,96.42,96.61,96.66,96.68,96.63,96.72,96.72,96.68,96.72,96.72,96.68,96.63,94.42,94.90,96.46,96.33,96.46,96.63,96.33,96.68,96.55,96.85,96.85,97.50,97.50,97.20,97.20,97.37,97.42,97.20,97.46,97.16,97.24,,96.32,97.20,97.11,97.37,97.24,97.55,97.29,96.77,97.03,97.29,97.63,97.29,97.55
A-PX211314,96.87,95.45,95.87,96.08,95.51,95.51,95.66,95.30,95.30,94.72,94.83,94.88,95.45,95.40,95.04,94.88,95.09,95.25,95.56,95.04,95.35,95.14,95.25,95.35,95.35,95.40,95.19,95.25,95.25,95.30,95.40,95.35,95.72,94.83,94.83,95.09,95.09,94.98,95.09,95.04,95.04,95.04,94.98,95.14,95.14,95.09,95.09,95.14,95.14,95.14,95.33,94.72,94.72,94.72,94.72,94.72,94.83,94.88,95.59,94.93,94.98,94.93,94.67,94.83,94.88,94.78,94.78,94.91,94.93,94.98,94.98,94.98,94.98,95.04,95.04,94.93,95.27,95.30,95.14,95.14,95.19,95.25,95.14,95.19,95.19,95.14,95.14,92.37,93.52,95.04,94.88,95.09,95.25,94.93,95.25,95.14,95.51,95.51,96.19,96.19,96.24,95.98,95.82,95.82,95.72,95.92,95.66,95.72,96.32,,98.38,98.28,97.81,97.81,97.60,97.81,98.97,98.12,98.28,98.28,98.22,98.59
A-LC430884,97.66,96.61,96.87,97.00,96.57,96.57,96.79,96.27,96.53,95.79,95.87,95.96,96.66,96.57,96.22,96.09,96.27,96.40,96.74,96.27,96.57,96.31,96.44,96.53,96.53,96.53,96.40,96.44,96.44,96.53,96.61,96.57,95.40,96.05,96.14,96.31,96.31,96.22,96.31,96.27,96.27,96.27,96.22,96.35,96.35,96.31,96.31,96.35,96.35,96.35,95.41,95.79,95.83,95.87,95.87,95.87,96.01,96.01,95.32,96.18,96.18,96.18,96.01,96.14,96.18,96.09,96.09,96.16,96.17,96.18,96.22,96.22,96.22,96.27,96.35,96.14,96.29,96.35,96.31,96.27,96.35,96.35,96.31,96.35,96.35,96.31,96.27,94.01,94.44,96.14,96.01,96.09,96.27,95.96,96.31,96.18,96.53,96.53,97.09,97.09,97.26,96.96,96.70,96.74,96.70,96.87,96.66,96.74,97.20,98.38,,99.83,98.78,98.74,98.74,98.74,98.79,99.00,99.22,99.13,99.13,99.48
A-LC430883,97.57,96.53,96.79,96.92,96.48,96.48,96.70,96.18,96.44,95.70,95.79,95.87,96.57,96.48,96.14,96.01,96.18,96.31,96.66,96.18,96.48,96.22,96.35,96.44,96.44,96.44,96.31,96.35,96.35,96.44,96.53,96.48,95.30,95.96,96.05,96.22,96.22,96.14,96.22,96.18,96.18,96.18,96.14,96.27,96.27,96.22,96.22,96.27,96.27,96.27,95.30,95.70,95.74,95.79,95.79,95.79,95.92,95.92,95.22,96.09,96.09,96.09,95.92,96.05,96.09,96.01,96.01,96.07,96.08,96.09,96.14,96.14,96.14,96.18,96.27,96.05,96.20,96.27,96.22,96.18,96.27,96.27,96.22,96.27,96.27,96.22,96.18,94.01,94.44,96.05,95.92,96.01,96.18,95.87,96.22,96.09,96.44,96.44,97.00,97.00,97.18,96.87,96.61,96.66,96.61,96.79,96.57,96.66,97.11,98.28,99.83,,98.70,98.65,98.65,98.65,98.68,98.91,99.13,99.04,99.04,99.39
A-OR205278,97.87,96.74,97.09,97.22,96.79,96.79,96.92,96.48,96.66,95.92,96.01,96.09,96.61,96.61,96.18,96.05,96.22,96.44,96.79,96.22,96.53,96.27,96.40,96.48,96.48,96.57,96.44,96.48,96.48,96.48,96.57,96.53,95.45,96.27,96.27,96.44,96.44,96.35,96.44,96.40,96.48,96.48,96.44,96.48,96.48,96.44,96.44,96.48,96.48,96.48,95.56,95.83,95.87,95.92,95.92,95.92,96.05,96.05,95.48,96.22,96.22,96.22,96.05,96.18,96.22,96.14,96.14,96.20,96.21,96.22,96.27,96.27,96.27,96.31,96.31,96.40,96.50,96.57,96.44,96.40,96.48,96.48,96.44,96.48,96.48,96.44,96.40,93.96,94.57,96.09,95.96,96.22,96.40,96.01,96.35,96.22,96.48,96.48,97.13,97.13,97.22,97.05,96.83,96.87,96.83,97.00,96.79,96.87,97.37,97.81,98.78,98.70,,99.44,98.78,98.91,98.47,98.74,98.96,99.35,98.96,99.22
A-OR205276,97.92,96.70,97.05,97.18,96.74,96.74,96.87,96.44,96.61,95.87,95.96,96.05,96.57,96.57,96.14,96.01,96.18,96.40,96.74,96.18,96.48,96.22,96.35,96.44,96.44,96.61,96.48,96.53,96.53,96.44,96.53,96.48,95.45,96.31,96.22,96.40,96.40,96.31,96.40,96.35,96.44,96.44,96.40,96.44,96.44,96.40,96.40,96.44,96.44,96.44,95.67,95.87,95.92,95.96,95.96,95.96,96.09,96.09,95.48,96.18,96.18,96.18,96.01,96.14,96.18,96.09,96.09,96.24,96.25,96.27,96.31,96.31,96.31,96.27,96.27,96.27,96.46,96.53,96.40,96.35,96.44,96.44,96.40,96.44,96.44,96.40,96.35,93.88,94.62,96.05,95.92,96.18,96.35,96.05,96.31,96.18,96.61,96.61,97.26,97.26,97.26,97.09,96.79,96.83,96.87,96.96,96.74,96.83,97.24,97.81,98.74,98.65,99.44,,98.74,98.87,98.42,98.70,98.91,99.31,98.91,99.17
A-KJ919698,98.22,97.22,97.44,97.48,97.22,97.13,97.35,96.83,97.09,96.27,96.35,96.44,96.96,96.96,96.53,96.40,96.57,96.79,97.13,96.57,96.87,96.61,96.74,96.83,96.83,96.92,96.79,96.83,96.83,96.83,96.92,96.87,96.03,96.44,96.53,96.70,96.70,96.61,96.70,96.66,96.66,96.66,96.61,96.74,96.74,96.70,96.70,96.74,96.74,96.74,95.93,96.09,96.14,96.18,96.18,96.18,96.31,96.31,95.85,96.57,96.57,96.48,96.40,96.53,96.57,96.48,96.48,96.46,96.47,96.48,96.53,96.53,96.53,96.57,96.57,96.44,96.77,96.83,96.61,96.66,96.74,96.74,96.70,96.74,96.74,96.70,96.66,94.40,94.83,96.74,96.61,96.48,96.66,96.35,96.70,96.57,96.92,96.92,97.66,97.66,97.57,97.44,97.26,97.31,97.18,97.44,97.22,97.31,97.55,97.60,98.74,98.65,98.78,98.74,,98.78,98.21,98.52,98.74,99.09,98.74,99.00
A-MH171357,97.92,96.61,97.05,97.09,96.66,96.66,96.79,96.48,96.61,95.83,95.92,96.01,96.61,96.61,96.18,96.05,96.22,96.44,96.79,96.22,96.53,96.27,96.40,96.48,96.48,96.57,96.44,96.48,96.48,96.48,96.57,96.53,95.56,96.09,96.18,96.35,96.35,96.27,96.35,96.31,96.31,96.31,96.27,96.40,96.40,96.35,96.35,96.40,96.40,96.40,95.56,95.74,95.79,95.83,95.83,95.83,95.96,95.96,95.48,96.14,96.14,96.14,95.96,96.09,96.14,96.05,96.05,96.11,96.12,96.14,96.18,96.18,96.18,96.22,96.22,96.09,96.42,96.48,96.35,96.31,96.40,96.40,96.35,96.40,96.40,96.35,96.31,93.88,94.44,95.96,95.83,96.18,96.35,96.05,96.40,96.27,96.48,96.48,97.13,97.13,97.48,97.26,96.87,96.92,96.87,97.00,96.79,96.87,97.29,97.81,98.74,98.65,98.91,98.87,98.78,,98.42,98.65,98.87,99.31,98.87,99.13
A-PX211248,97.22,95.75,96.17,96.43,95.81,95.81,95.96,95.65,95.65,95.02,95.13,95.18,95.81,95.75,95.39,95.23,95.44,95.60,95.91,95.39,95.70,95.49,95.60,95.70,95.70,95.75,95.55,95.60,95.60,95.65,95.75,95.70,96.04,95.18,95.18,95.47,95.47,95.34,95.44,95.39,95.39,95.39,95.34,95.49,95.49,95.44,95.44,95.49,95.49,95.49,95.63,95.08,95.08,95.08,95.08,95.08,95.18,95.23,95.89,95.28,95.34,95.28,95.02,95.18,95.23,95.13,95.13,95.26,95.28,95.34,95.34,95.34,95.34,95.39,95.49,95.28,95.62,95.65,95.49,95.44,95.49,95.55,95.44,95.49,95.49,95.44,95.39,92.57,93.77,95.39,95.23,95.44,95.60,95.23,95.60,95.44,95.86,95.86,96.54,96.54,96.70,96.33,96.17,96.17,96.07,96.28,96.02,96.07,96.77,98.97,98.79,98.68,98.47,98.42,98.21,98.42,,98.63,98.79,98.89,98.84,99.20
A-OP850492,97.57,96.44,96.70,96.83,96.40,96.40,96.53,96.09,96.27,95.61,95.70,95.79,96.40,96.31,95.96,95.83,96.01,96.22,96.48,96.01,96.31,96.05,96.18,96.27,96.27,96.35,96.22,96.27,96.27,96.27,96.35,96.31,95.19,95.79,95.96,96.05,96.05,95.96,96.05,96.01,96.01,96.01,95.96,96.09,96.09,96.05,96.05,96.09,96.09,96.09,95.30,95.61,95.66,95.70,95.70,95.70,95.83,95.83,95.22,96.01,96.01,96.01,95.83,95.96,96.01,95.92,95.92,95.98,95.99,96.01,96.05,96.05,96.05,96.09,96.18,95.96,96.11,96.18,96.05,96.01,96.09,96.09,96.05,96.09,96.09,96.05,96.01,93.79,94.44,95.96,95.83,95.92,96.09,95.79,96.14,96.09,96.18,96.18,96.83,96.83,97.18,96.87,96.61,96.66,96.61,96.79,96.57,96.66,97.03,98.12,99.00,98.91,98.74,98.70,98.52,98.65,98.63,,99.09,99.09,99.00,99.35
A-ON791868,97.83,96.61,96.96,97.09,96.83,96.74,96.87,96.35,96.53,95.79,95.87,95.96,96.57,96.57,96.14,96.01,96.18,96.40,96.74,96.18,96.48,96.22,96.35,96.44,96.44,96.53,96.40,96.44,96.44,96.44,96.53,96.48,95.56,96.14,96.22,96.40,96.40,96.31,96.40,96.35,96.35,96.35,96.31,96.44,96.44,96.40,96.40,96.44,96.44,96.44,95.56,95.87,95.92,95.96,95.96,95.96,96.18,96.09,95.48,96.27,96.27,96.27,96.18,96.22,96.27,96.18,96.18,96.24,96.34,96.27,96.31,96.31,96.31,96.35,96.44,96.31,96.46,96.53,96.48,96.35,96.44,96.44,96.40,96.44,96.44,96.40,96.35,94.05,94.36,96.05,95.92,96.09,96.27,95.96,96.31,96.18,96.44,96.44,97.09,97.09,97.44,97.18,96.87,96.92,96.87,97.05,96.83,96.92,97.29,98.28,99.22,99.13,98.96,98.91,98.74,98.87,98.79,99.09,,99.31,99.31,99.57
A-OR205289,98.18,96.96,97.31,97.44,97.00,97.00,97.13,96.70,96.87,96.14,96.22,96.31,96.92,96.92,96.48,96.35,96.53,96.74,97.09,96.53,96.83,96.57,96.70,96.79,96.79,96.87,96.74,96.79,96.79,96.79,96.87,96.83,95.87,96.40,96.48,96.66,96.66,96.57,96.66,96.61,96.61,96.61,96.57,96.70,96.70,96.66,96.66,96.70,96.70,96.70,95.88,96.05,96.09,96.14,96.14,96.14,96.27,96.27,95.79,96.44,96.44,96.44,96.27,96.40,96.44,96.35,96.35,96.42,96.43,96.44,96.48,96.48,96.48,96.53,96.53,96.40,96.72,96.79,96.66,96.61,96.70,96.70,96.66,96.70,96.70,96.66,96.61,94.27,94.70,96.31,96.18,96.53,96.61,96.31,96.66,96.53,96.87,96.87,97.44,97.44,97.70,97.44,97.13,97.18,97.05,97.31,97.09,97.18,97.63,98.28,99.13,99.04,99.35,99.31,99.09,99.31,98.89,99.09,99.31,,99.31,99.57
A-MG652342,97.74,96.61,96.87,97.00,96.57,96.57,96.70,96.27,96.44,95.70,95.79,95.87,96.48,96.48,96.05,95.92,96.09,96.31,96.66,96.18,96.40,96.14,96.27,96.35,96.35,96.44,96.31,96.35,96.35,96.35,96.44,96.40,95.40,95.96,96.05,96.22,96.22,96.14,96.22,96.18,96.18,96.18,96.14,96.27,96.27,96.31,96.22,96.27,96.27,96.27,95.51,95.79,95.83,95.87,95.87,95.87,96.01,96.01,95.43,96.18,96.18,96.18,96.01,96.14,96.18,96.09,96.09,96.16,96.17,96.18,96.22,96.22,96.22,96.27,96.35,96.05,96.29,96.35,96.22,96.18,96.27,96.27,96.22,96.27,96.27,96.22,96.18,93.79,94.36,95.96,95.83,96.09,96.27,95.96,96.31,96.18,96.44,96.44,97.09,97.09,97.26,97.00,96.70,96.74,96.70,96.87,96.66,96.74,97.29,98.22,99.13,99.04,98.96,98.91,98.74,98.87,98.84,99.00,99.31,99.31,,99.57
A-MN478658,98.00,96.87,97.22,97.35,96.92,96.92,97.05,96.61,96.79,96.05,96.14,96.22,96.83,96.83,96.40,96.27,96.44,96.66,97.00,96.44,96.74,96.48,96.61,96.70,96.70,96.79,96.66,96.70,96.70,96.70,96.79,96.74,95.77,96.31,96.40,96.57,96.57,96.48,96.57,96.53,96.53,96.53,96.48,96.61,96.61,96.57,96.57,96.61,96.61,96.61,95.77,96.05,96.09,96.14,96.14,96.14,96.27,96.27,95.69,96.44,96.44,96.44,96.27,96.40,96.44,96.35,96.35,96.42,96.43,96.44,96.48,96.48,96.48,96.53,96.61,96.40,96.63,96.70,96.57,96.53,96.61,96.61,96.57,96.61,96.61,96.57,96.53,94.14,94.62,96.40,96.27,96.27,96.44,96.22,96.48,96.35,96.61,96.61,97.26,97.26,97.52,97.26,96.96,97.00,96.96,97.13,96.92,97.00,97.55,98.59,99.48,99.39,99.22,99.17,99.00,99.13,99.20,99.35,99.57,99.57,99.57,
